protocol,site,ycsb,workload,concurrent,fastpath_attempt_rate,all_efficient_count,all_efficient_50pct,all_efficient_90pct,all_efficient_99pct,all_efficient_ave,throughput,cpu_usage,memory_usage,fp_attempt_cnt,fp_success_cnt,fp_efficient_success_cnt,fp_success_rate,fp_efficient_success_rate
none_fpga_raft,60c1s5r10p,YCSB_A,rw_1000000,concurrent_1,0,600,311.481,338.20900000000125,396.86729,292.4117583333333,60.0,"{0: 5.952, 1: 15.789, 2: 1.235, 3: 2.439, 4: 5.882}","{0: 432.188, 1: 430.938, 2: 430.938, 3: 430.688, 4: 430.812}","{0: 0, 1: 0, 2: 0, 3: 0, 4: 0, 5: 0, 6: 0, 7: 0, 8: 0, 9: 0}","{0: 0, 1: 0, 2: 0, 3: 0, 4: 0, 5: 0, 6: 0, 7: 0, 8: 0, 9: 0}","{0: 0, 1: 0, 2: 0, 3: 0, 4: 0, 5: 0, 6: 0, 7: 0, 8: 0, 9: 0}",0,0
none_fpga_raft,60c1s5r10p,YCSB_A,rw_1000000,concurrent_5,0,3000,313.6255,340.80669999999526,397.88405,293.6528446666667,300.0,"{0: 7.143, 1: 19.802, 2: 9.091, 3: 3.571, 4: 3.614}","{0: 446.062, 1: 443.375, 2: 443.875, 3: 443.5, 4: 443.625}","{0: 0, 1: 0, 2: 0, 3: 0, 4: 0, 5: 0, 6: 0, 7: 0, 8: 0, 9: 0}","{0: 0, 1: 0, 2: 0, 3: 0, 4: 0, 5: 0, 6: 0, 7: 0, 8: 0, 9: 0}","{0: 0, 1: 0, 2: 0, 3: 0, 4: 0, 5: 0, 6: 0, 7: 0, 8: 0, 9: 0}",0,0
none_fpga_raft,60c1s5r10p,YCSB_A,rw_1000000,concurrent_10,0,6000,314.832,341.20860000001943,400.95902,295.35013566666663,600.0,"{0: 8.235, 1: 5.882, 2: 3.614, 3: 19.192, 4: 3.659}","{0: 448.375, 1: 444.75, 2: 444.625, 3: 444.625, 4: 444.562}","{0: 0, 1: 0, 2: 0, 3: 0, 4: 0, 5: 0, 6: 0, 7: 0, 8: 0, 9: 0}","{0: 0, 1: 0, 2: 0, 3: 0, 4: 0, 5: 0, 6: 0, 7: 0, 8: 0, 9: 0}","{0: 0, 1: 0, 2: 0, 3: 0, 4: 0, 5: 0, 6: 0, 7: 0, 8: 0, 9: 0}",0,0
none_fpga_raft,60c1s5r10p,YCSB_A,rw_1000000,concurrent_20,0,12000,316.469,343.570100000019,398.89401,296.5271501666667,1200.0,"{0: 12.941, 1: 5.952, 2: 16.842, 3: 4.819, 4: 4.819}","{0: 452.5, 1: 446.125, 2: 446.188, 3: 446.25, 4: 446.25}","{0: 0, 1: 0, 2: 0, 3: 0, 4: 0, 5: 0, 6: 0, 7: 0, 8: 0, 9: 0}","{0: 0, 1: 0, 2: 0, 3: 0, 4: 0, 5: 0, 6: 0, 7: 0, 8: 0, 9: 0}","{0: 0, 1: 0, 2: 0, 3: 0, 4: 0, 5: 0, 6: 0, 7: 0, 8: 0, 9: 0}",0,0
none_fpga_raft,60c1s5r10p,YCSB_A,rw_1000000,concurrent_30,0,18000,316.7585,344.15470000001903,400.765,296.6453671111111,1800.0,"{0: 16.471, 1: 15.217, 2: 9.302, 3: 9.302, 4: 6.024}","{0: 455.453, 1: 447.375, 2: 447.062, 3: 447.625, 4: 447.5}","{0: 0, 1: 0, 2: 0, 3: 0, 4: 0, 5: 0, 6: 0, 7: 0, 8: 0, 9: 0}","{0: 0, 1: 0, 2: 0, 3: 0, 4: 0, 5: 0, 6: 0, 7: 0, 8: 0, 9: 0}","{0: 0, 1: 0, 2: 0, 3: 0, 4: 0, 5: 0, 6: 0, 7: 0, 8: 0, 9: 0}",0,0
none_fpga_raft,60c1s5r10p,YCSB_A,rw_1000000,concurrent_40,0,24000,313.674,340.89380000011346,399.87,294.06917391666667,2400.0,"{0: 19.048, 1: 14.444, 2: 12.222, 3: 8.235, 4: 7.229}","{0: 459.125, 1: 448.875, 2: 448.75, 3: 448.75, 4: 448.625}","{0: 0, 1: 0, 2: 0, 3: 0, 4: 0, 5: 0, 6: 0, 7: 0, 8: 0, 9: 0}","{0: 0, 1: 0, 2: 0, 3: 0, 4: 0, 5: 0, 6: 0, 7: 0, 8: 0, 9: 0}","{0: 0, 1: 0, 2: 0, 3: 0, 4: 0, 5: 0, 6: 0, 7: 0, 8: 0, 9: 0}",0,0
none_fpga_raft,60c1s5r10p,YCSB_A,rw_1000000,concurrent_50,0,30000,311.247,349.2591000000838,395.00800999999996,291.9657181333333,3000.0,"{0: 24.138, 1: 9.524, 2: 9.302, 3: 9.524, 4: 7.317}","{0: 463.09, 1: 450.0, 2: 450.188, 3: 450.25, 4: 450.062}","{0: 0, 1: 0, 2: 0, 3: 0, 4: 0, 5: 0, 6: 0, 7: 0, 8: 0, 9: 0}","{0: 0, 1: 0, 2: 0, 3: 0, 4: 0, 5: 0, 6: 0, 7: 0, 8: 0, 9: 0}","{0: 0, 1: 0, 2: 0, 3: 0, 4: 0, 5: 0, 6: 0, 7: 0, 8: 0, 9: 0}",0,0
none_fpga_raft,60c1s5r10p,YCSB_A,rw_1000000,concurrent_60,0,36000,320.9385,389.27049999999997,430.00705,303.8148445277778,3600.0,"{0: 24.419, 1: 11.765, 2: 6.098, 3: 10.465, 4: 7.229}","{0: 469.188, 1: 452.0, 2: 451.938, 3: 451.875, 4: 451.875}","{0: 0, 1: 0, 2: 0, 3: 0, 4: 0, 5: 0, 6: 0, 7: 0, 8: 0, 9: 0}","{0: 0, 1: 0, 2: 0, 3: 0, 4: 0, 5: 0, 6: 0, 7: 0, 8: 0, 9: 0}","{0: 0, 1: 0, 2: 0, 3: 0, 4: 0, 5: 0, 6: 0, 7: 0, 8: 0, 9: 0}",0,0
none_fpga_raft,60c1s5r10p,YCSB_A,rw_1000000,concurrent_70,0,42000,334.651,403.0622,446.66808000000003,317.8242309047619,4200.0,"{0: 26.744, 1: 9.756, 2: 9.412, 3: 8.333, 4: 13.483}","{0: 475.355, 1: 453.373, 2: 453.656, 3: 453.5, 4: 453.438}","{0: 0, 1: 0, 2: 0, 3: 0, 4: 0, 5: 0, 6: 0, 7: 0, 8: 0, 9: 0}","{0: 0, 1: 0, 2: 0, 3: 0, 4: 0, 5: 0, 6: 0, 7: 0, 8: 0, 9: 0}","{0: 0, 1: 0, 2: 0, 3: 0, 4: 0, 5: 0, 6: 0, 7: 0, 8: 0, 9: 0}",0,0
none_fpga_raft,60c1s5r10p,YCSB_A,rw_1000000,concurrent_75,0,45000,338.74649999999997,401.5877,462.69408000000004,324.7914791333333,4500.0,"{0: 28.409, 1: 18.478, 2: 25.243, 3: 18.085, 4: 8.434}","{0: 478.727, 1: 454.5, 2: 455.055, 3: 454.426, 4: 454.311}","{0: 0, 1: 0, 2: 0, 3: 0, 4: 0, 5: 0, 6: 0, 7: 0, 8: 0, 9: 0}","{0: 0, 1: 0, 2: 0, 3: 0, 4: 0, 5: 0, 6: 0, 7: 0, 8: 0, 9: 0}","{0: 0, 1: 0, 2: 0, 3: 0, 4: 0, 5: 0, 6: 0, 7: 0, 8: 0, 9: 0}",0,0
none_fpga_raft,60c1s5r10p,YCSB_A,rw_1000000,concurrent_80,0,48000,353.826,429.1393,517.5260099999999,344.20296033333335,4800.0,"{0: 32.222, 1: 14.773, 2: 11.765, 3: 25.962, 4: 20.833}","{0: 484.0, 1: 455.312, 2: 455.5, 3: 455.27, 4: 455.375}","{0: 0, 1: 0, 2: 0, 3: 0, 4: 0, 5: 0, 6: 0, 7: 0, 8: 0, 9: 0}","{0: 0, 1: 0, 2: 0, 3: 0, 4: 0, 5: 0, 6: 0, 7: 0, 8: 0, 9: 0}","{0: 0, 1: 0, 2: 0, 3: 0, 4: 0, 5: 0, 6: 0, 7: 0, 8: 0, 9: 0}",0,0
none_fpga_raft,60c1s5r10p,YCSB_A,rw_1000000,concurrent_90,0,54000,384.9305,482.5951,596.8490400000001,384.7087749444445,5400.0,"{0: 34.831, 1: 13.793, 2: 11.628, 3: 15.73, 4: 9.639}","{0: 503.5, 1: 457.617, 2: 457.617, 3: 457.664, 4: 457.549}","{0: 0, 1: 0, 2: 0, 3: 0, 4: 0, 5: 0, 6: 0, 7: 0, 8: 0, 9: 0}","{0: 0, 1: 0, 2: 0, 3: 0, 4: 0, 5: 0, 6: 0, 7: 0, 8: 0, 9: 0}","{0: 0, 1: 0, 2: 0, 3: 0, 4: 0, 5: 0, 6: 0, 7: 0, 8: 0, 9: 0}",0,0
none_fpga_raft,60c1s5r10p,YCSB_A,rw_1000000,concurrent_100,0,60000,441.20000000000005,561.8573,707.6410099999999,437.11493688333337,6000.0,"{0: 38.636, 1: 17.045, 2: 9.639, 3: 10.976, 4: 10.976}","{0: 529.438, 1: 459.262, 2: 459.324, 3: 459.459, 4: 459.164}","{0: 0, 1: 0, 2: 0, 3: 0, 4: 0, 5: 0, 6: 0, 7: 0, 8: 0, 9: 0}","{0: 0, 1: 0, 2: 0, 3: 0, 4: 0, 5: 0, 6: 0, 7: 0, 8: 0, 9: 0}","{0: 0, 1: 0, 2: 0, 3: 0, 4: 0, 5: 0, 6: 0, 7: 0, 8: 0, 9: 0}",0,0
none_fpga_raft,60c1s5r10p,YCSB_A,rw_1000000,concurrent_110,0,66000,460.28999999999996,598.9494,736.69202,461.56642277272726,6600.0,"{0: 44.444, 1: 14.458, 2: 23.762, 3: 12.048, 4: 16.092}","{0: 561.625, 1: 461.121, 2: 461.559, 3: 460.746, 4: 461.004}","{0: 0, 1: 0, 2: 0, 3: 0, 4: 0, 5: 0, 6: 0, 7: 0, 8: 0, 9: 0}","{0: 0, 1: 0, 2: 0, 3: 0, 4: 0, 5: 0, 6: 0, 7: 0, 8: 0, 9: 0}","{0: 0, 1: 0, 2: 0, 3: 0, 4: 0, 5: 0, 6: 0, 7: 0, 8: 0, 9: 0}",0,0
none_fpga_raft,60c1s5r10p,YCSB_A,rw_1000000,concurrent_120,0,72019,569.955,771.9238,940.4299199999999,587.4641939488191,7201.9,"{0: 47.191, 1: 15.294, 2: 12.644, 3: 17.978, 4: 23.958}","{0: 617.625, 1: 463.27, 2: 462.684, 3: 463.438, 4: 463.09}","{0: 0, 1: 0, 2: 0, 3: 0, 4: 0, 5: 0, 6: 0, 7: 0, 8: 0, 9: 0}","{0: 0, 1: 0, 2: 0, 3: 0, 4: 0, 5: 0, 6: 0, 7: 0, 8: 0, 9: 0}","{0: 0, 1: 0, 2: 0, 3: 0, 4: 0, 5: 0, 6: 0, 7: 0, 8: 0, 9: 0}",0,0
none_copilot,60c1s5r10p,YCSB_A,rw_1000000,concurrent_1,0,600,469.118,493.4876000000004,552.7742300000001,447.05245666666667,60.0,"{0: 3.03, 1: 3.03, 2: 2.02, 3: 2.0, 4: 1.02}","{0: 434.438, 1: 434.312, 2: 432.375, 3: 431.875, 4: 431.812}","{0: 0, 1: 0, 2: 0, 3: 0, 4: 0, 5: 0, 6: 0, 7: 0, 8: 0, 9: 0}","{0: 0, 1: 0, 2: 0, 3: 0, 4: 0, 5: 0, 6: 0, 7: 0, 8: 0, 9: 0}","{0: 0, 1: 0, 2: 0, 3: 0, 4: 0, 5: 0, 6: 0, 7: 0, 8: 0, 9: 0}",0,0
none_copilot,60c1s5r10p,YCSB_A,rw_1000000,concurrent_5,0,3000,466.194,491.84709999999615,546.81403,442.769858,300.0,"{0: 4.082, 1: 5.102, 2: 2.041, 3: 2.041, 4: 2.041}","{0: 457.0, 1: 456.875, 2: 451.062, 3: 448.438, 4: 449.5}","{0: 0, 1: 0, 2: 0, 3: 0, 4: 0, 5: 0, 6: 0, 7: 0, 8: 0, 9: 0}","{0: 0, 1: 0, 2: 0, 3: 0, 4: 0, 5: 0, 6: 0, 7: 0, 8: 0, 9: 0}","{0: 0, 1: 0, 2: 0, 3: 0, 4: 0, 5: 0, 6: 0, 7: 0, 8: 0, 9: 0}",0,0
none_copilot,60c1s5r10p,YCSB_A,rw_1000000,concurrent_10,0,6000,469.293,497.30090000002,554.24504,449.01562199999995,600.0,"{0: 8.081, 1: 7.143, 2: 4.04, 3: 4.04, 4: 4.04}","{0: 488.0, 1: 486.812, 2: 475.812, 3: 472.688, 4: 473.0}","{0: 0, 1: 0, 2: 0, 3: 0, 4: 0, 5: 0, 6: 0, 7: 0, 8: 0, 9: 0}","{0: 0, 1: 0, 2: 0, 3: 0, 4: 0, 5: 0, 6: 0, 7: 0, 8: 0, 9: 0}","{0: 0, 1: 0, 2: 0, 3: 0, 4: 0, 5: 0, 6: 0, 7: 0, 8: 0, 9: 0}",0,0
none_copilot,60c1s5r10p,YCSB_A,rw_1000000,concurrent_20,0,12000,467.0745,491.65130000001255,554.41801,446.5462406666667,1200.0,"{0: 14.0, 1: 13.402, 2: 5.051, 3: 5.102, 4: 5.051}","{0: 505.562, 1: 507.25, 2: 485.25, 3: 485.375, 4: 485.25}","{0: 0, 1: 0, 2: 0, 3: 0, 4: 0, 5: 0, 6: 0, 7: 0, 8: 0, 9: 0}","{0: 0, 1: 0, 2: 0, 3: 0, 4: 0, 5: 0, 6: 0, 7: 0, 8: 0, 9: 0}","{0: 0, 1: 0, 2: 0, 3: 0, 4: 0, 5: 0, 6: 0, 7: 0, 8: 0, 9: 0}",0,0
none_copilot,60c1s5r10p,YCSB_A,rw_1000000,concurrent_30,0,18000,467.53,498.564400000014,550.867,449.04684133333336,1800.0,"{0: 20.619, 1: 22.222, 2: 7.071, 3: 8.081, 4: 6.122}","{0: 512.25, 1: 514.5, 2: 488.375, 3: 488.123, 4: 488.0}","{0: 0, 1: 0, 2: 0, 3: 0, 4: 0, 5: 0, 6: 0, 7: 0, 8: 0, 9: 0}","{0: 0, 1: 0, 2: 0, 3: 0, 4: 0, 5: 0, 6: 0, 7: 0, 8: 0, 9: 0}","{0: 0, 1: 0, 2: 0, 3: 0, 4: 0, 5: 0, 6: 0, 7: 0, 8: 0, 9: 0}",0,0
none_copilot,60c1s5r10p,YCSB_A,rw_1000000,concurrent_40,0,24000,474.304,505.6922000001024,552.67201,453.6238432916667,2400.0,"{0: 26.531, 1: 29.592, 2: 7.071, 3: 8.163, 4: 9.091}","{0: 520.246, 1: 521.188, 2: 490.75, 3: 490.25, 4: 490.062}","{0: 0, 1: 0, 2: 0, 3: 0, 4: 0, 5: 0, 6: 0, 7: 0, 8: 0, 9: 0}","{0: 0, 1: 0, 2: 0, 3: 0, 4: 0, 5: 0, 6: 0, 7: 0, 8: 0, 9: 0}","{0: 0, 1: 0, 2: 0, 3: 0, 4: 0, 5: 0, 6: 0, 7: 0, 8: 0, 9: 0}",0,0
none_copilot,60c1s5r10p,YCSB_A,rw_1000000,concurrent_50,0,30000,481.259,535.707500000019,576.49905,464.0841230333333,3000.0,"{0: 32.99, 1: 37.755, 2: 13.131, 3: 10.204, 4: 10.101}","{0: 528.438, 1: 528.625, 2: 494.812, 3: 492.25, 4: 492.625}","{0: 0, 1: 0, 2: 0, 3: 0, 4: 0, 5: 0, 6: 0, 7: 0, 8: 0, 9: 0}","{0: 0, 1: 0, 2: 0, 3: 0, 4: 0, 5: 0, 6: 0, 7: 0, 8: 0, 9: 0}","{0: 0, 1: 0, 2: 0, 3: 0, 4: 0, 5: 0, 6: 0, 7: 0, 8: 0, 9: 0}",0,0
none_copilot,60c1s5r10p,YCSB_A,rw_1000000,concurrent_60,0,36000,558.883,628.3670999999999,674.47001,543.9447535277778,3600.0,"{0: 44.0, 1: 48.485, 2: 34.694, 3: 12.121, 4: 12.121}","{0: 560.75, 1: 556.812, 2: 509.385, 3: 497.0, 4: 495.434}","{0: 0, 1: 0, 2: 0, 3: 0, 4: 0, 5: 0, 6: 0, 7: 0, 8: 0, 9: 0}","{0: 0, 1: 0, 2: 0, 3: 0, 4: 0, 5: 0, 6: 0, 7: 0, 8: 0, 9: 0}","{0: 0, 1: 0, 2: 0, 3: 0, 4: 0, 5: 0, 6: 0, 7: 0, 8: 0, 9: 0}",0,0
none_copilot,60c1s5r10p,YCSB_A,rw_1000000,concurrent_70,0,42000,672.957,791.0363,928.30004,667.4478405238094,4200.0,"{0: 53.061, 1: 56.701, 2: 17.0, 3: 13.265, 4: 13.265}","{0: 619.311, 1: 630.5, 2: 502.875, 3: 501.312, 4: 502.361}","{0: 0, 1: 0, 2: 0, 3: 0, 4: 0, 5: 0, 6: 0, 7: 0, 8: 0, 9: 0}","{0: 0, 1: 0, 2: 0, 3: 0, 4: 0, 5: 0, 6: 0, 7: 0, 8: 0, 9: 0}","{0: 0, 1: 0, 2: 0, 3: 0, 4: 0, 5: 0, 6: 0, 7: 0, 8: 0, 9: 0}",0,0
none_mencius,60c1s5r10p,YCSB_A,rw_1000000,concurrent_1,0,600,155.12349999999998,288.8549000000004,307.79134,184.54739333333333,60.0,"{0: 1.02, 1: 2.0, 2: 1.02, 3: 2.02, 4: 2.0}","{0: 432.375, 1: 432.062, 2: 432.188, 3: 431.938, 4: 431.938}","{0: 0, 1: 0, 2: 0, 3: 0, 4: 0, 5: 0, 6: 0, 7: 0, 8: 0, 9: 0}","{0: 0, 1: 0, 2: 0, 3: 0, 4: 0, 5: 0, 6: 0, 7: 0, 8: 0, 9: 0}","{0: 0, 1: 0, 2: 0, 3: 0, 4: 0, 5: 0, 6: 0, 7: 0, 8: 0, 9: 0}",0,0
none_mencius,60c1s5r10p,YCSB_A,rw_1000000,concurrent_5,0,3000,159.1695,311.2072,358.9696899999999,200.55943266666665,300.0,"{0: 4.04, 1: 5.051, 2: 4.082, 3: 3.093, 4: 4.124}","{0: 445.625, 1: 444.875, 2: 445.75, 3: 443.812, 4: 444.438}","{0: 0, 1: 0, 2: 0, 3: 0, 4: 0, 5: 0, 6: 0, 7: 0, 8: 0, 9: 0}","{0: 0, 1: 0, 2: 0, 3: 0, 4: 0, 5: 0, 6: 0, 7: 0, 8: 0, 9: 0}","{0: 0, 1: 0, 2: 0, 3: 0, 4: 0, 5: 0, 6: 0, 7: 0, 8: 0, 9: 0}",0,0
none_mencius,60c1s5r10p,YCSB_A,rw_1000000,concurrent_10,0,6000,163.103,314.0271,358.1153,203.13677299999998,600.0,"{0: 9.091, 1: 10.101, 2: 9.091, 3: 10.101, 4: 9.184}","{0: 462.688, 1: 461.438, 2: 463.625, 3: 459.812, 4: 460.5}","{0: 0, 1: 0, 2: 0, 3: 0, 4: 0, 5: 0, 6: 0, 7: 0, 8: 0, 9: 0}","{0: 0, 1: 0, 2: 0, 3: 0, 4: 0, 5: 0, 6: 0, 7: 0, 8: 0, 9: 0}","{0: 0, 1: 0, 2: 0, 3: 0, 4: 0, 5: 0, 6: 0, 7: 0, 8: 0, 9: 0}",0,0
none_mencius,60c1s5r10p,YCSB_A,rw_1000000,concurrent_12,0,7200,163.46,312.8781,355.45701,200.78730569444446,720.0,"{0: 13.265, 1: 13.131, 2: 12.245, 3: 14.0, 4: 13.265}","{0: 467.375, 1: 467.438, 2: 468.438, 3: 465.25, 4: 464.625}","{0: 0, 1: 0, 2: 0, 3: 0, 4: 0, 5: 0, 6: 0, 7: 0, 8: 0, 9: 0}","{0: 0, 1: 0, 2: 0, 3: 0, 4: 0, 5: 0, 6: 0, 7: 0, 8: 0, 9: 0}","{0: 0, 1: 0, 2: 0, 3: 0, 4: 0, 5: 0, 6: 0, 7: 0, 8: 0, 9: 0}",0,0
none_mencius,60c1s5r10p,YCSB_A,rw_1000000,concurrent_14,0,8400,161.932,312.535,356.12908000000004,202.24554869047617,840.0,"{0: 12.121, 1: 12.121, 2: 13.402, 3: 14.141, 4: 14.141}","{0: 474.5, 1: 472.938, 2: 474.562, 3: 470.875, 4: 472.25}","{0: 0, 1: 0, 2: 0, 3: 0, 4: 0, 5: 0, 6: 0, 7: 0, 8: 0, 9: 0}","{0: 0, 1: 0, 2: 0, 3: 0, 4: 0, 5: 0, 6: 0, 7: 0, 8: 0, 9: 0}","{0: 0, 1: 0, 2: 0, 3: 0, 4: 0, 5: 0, 6: 0, 7: 0, 8: 0, 9: 0}",0,0
none_mencius,60c1s5r10p,YCSB_A,rw_1000000,concurrent_15,0,9000,165.286,315.1585,362.06905,204.6898638888889,900.0,"{0: 13.131, 1: 13.265, 2: 16.162, 3: 16.162, 4: 15.306}","{0: 477.0, 1: 475.312, 2: 477.25, 3: 472.75, 4: 474.5}","{0: 0, 1: 0, 2: 0, 3: 0, 4: 0, 5: 0, 6: 0, 7: 0, 8: 0, 9: 0}","{0: 0, 1: 0, 2: 0, 3: 0, 4: 0, 5: 0, 6: 0, 7: 0, 8: 0, 9: 0}","{0: 0, 1: 0, 2: 0, 3: 0, 4: 0, 5: 0, 6: 0, 7: 0, 8: 0, 9: 0}",0,0
none_mencius,60c1s5r10p,YCSB_A,rw_1000000,concurrent_16,0,9600,166.0865,313.8239,356.84304000000003,202.957666875,960.0,"{0: 20.202, 1: 19.388, 2: 17.347, 3: 20.202, 4: 20.408}","{0: 481.062, 1: 481.688, 2: 484.0, 3: 479.062, 4: 479.125}","{0: 0, 1: 0, 2: 0, 3: 0, 4: 0, 5: 0, 6: 0, 7: 0, 8: 0, 9: 0}","{0: 0, 1: 0, 2: 0, 3: 0, 4: 0, 5: 0, 6: 0, 7: 0, 8: 0, 9: 0}","{0: 0, 1: 0, 2: 0, 3: 0, 4: 0, 5: 0, 6: 0, 7: 0, 8: 0, 9: 0}",0,0
none_mongodb,60c1s5r10p,YCSB_A,rw_1000000,concurrent_1,0,600,229.33550000000002,413.8874,462.28524999999996,246.17913325,60.0,"{0: 21.0, 1: 2.041, 2: 1.01, 3: 1.02, 4: 2.0}","{0: 631.75, 1: 427.938, 2: 427.75, 3: 427.625, 4: 427.5}","{0: 0, 1: 0, 2: 0, 3: 0, 4: 0, 5: 0, 6: 0, 7: 0, 8: 0, 9: 0}","{0: 0, 1: 0, 2: 0, 3: 0, 4: 0, 5: 0, 6: 0, 7: 0, 8: 0, 9: 0}","{0: 0, 1: 0, 2: 0, 3: 0, 4: 0, 5: 0, 6: 0, 7: 0, 8: 0, 9: 0}",0,0
none_mongodb,60c1s5r10p,YCSB_A,rw_1000000,concurrent_5,0,3000,211.82150000000001,416.2389,498.3993699999999,242.42944596666672,300.0,"{0: 31.0, 1: 4.082, 2: 3.03, 3: 2.041, 4: 2.083}","{0: 675.703, 1: 428.5, 2: 428.375, 3: 428.0, 4: 428.375}","{0: 0, 1: 0, 2: 0, 3: 0, 4: 0, 5: 0, 6: 0, 7: 0, 8: 0, 9: 0}","{0: 0, 1: 0, 2: 0, 3: 0, 4: 0, 5: 0, 6: 0, 7: 0, 8: 0, 9: 0}","{0: 0, 1: 0, 2: 0, 3: 0, 4: 0, 5: 0, 6: 0, 7: 0, 8: 0, 9: 0}",0,0
none_mongodb,60c1s5r10p,YCSB_A,rw_1000000,concurrent_10,0,6000,229.238,424.07210000000003,508.70500999999996,249.9222559616667,600.0,"{0: 36.364, 1: 6.061, 2: 4.082, 3: 4.04, 4: 3.061}","{0: 693.09, 1: 428.812, 2: 428.75, 3: 428.812, 4: 428.75}","{0: 0, 1: 0, 2: 0, 3: 0, 4: 0, 5: 0, 6: 0, 7: 0, 8: 0, 9: 0}","{0: 0, 1: 0, 2: 0, 3: 0, 4: 0, 5: 0, 6: 0, 7: 0, 8: 0, 9: 0}","{0: 0, 1: 0, 2: 0, 3: 0, 4: 0, 5: 0, 6: 0, 7: 0, 8: 0, 9: 0}",0,0
none_mongodb,60c1s5r10p,YCSB_A,rw_1000000,concurrent_20,0,12000,229.79500000000002,414.0423,509.1411,248.91400536249998,1200.0,"{0: 41.237, 1: 8.247, 2: 5.155, 3: 5.155, 4: 5.155}","{0: 728.832, 1: 430.0, 2: 430.0, 3: 430.25, 4: 429.812}","{0: 0, 1: 0, 2: 0, 3: 0, 4: 0, 5: 0, 6: 0, 7: 0, 8: 0, 9: 0}","{0: 0, 1: 0, 2: 0, 3: 0, 4: 0, 5: 0, 6: 0, 7: 0, 8: 0, 9: 0}","{0: 0, 1: 0, 2: 0, 3: 0, 4: 0, 5: 0, 6: 0, 7: 0, 8: 0, 9: 0}",0,0
none_mongodb,60c1s5r10p,YCSB_A,rw_1000000,concurrent_30,0,18000,231.56,434.3877,523.53942,254.27236043888888,1800.0,"{0: 49.0, 1: 11.111, 2: 7.143, 3: 7.071, 4: 7.143}","{0: 769.414, 1: 431.188, 2: 431.375, 3: 431.5, 4: 431.25}","{0: 0, 1: 0, 2: 0, 3: 0, 4: 0, 5: 0, 6: 0, 7: 0, 8: 0, 9: 0}","{0: 0, 1: 0, 2: 0, 3: 0, 4: 0, 5: 0, 6: 0, 7: 0, 8: 0, 9: 0}","{0: 0, 1: 0, 2: 0, 3: 0, 4: 0, 5: 0, 6: 0, 7: 0, 8: 0, 9: 0}",0,0
none_mongodb,60c1s5r10p,YCSB_A,rw_1000000,concurrent_40,0,24000,228.94549999999998,432.92150000000004,521.7214999999989,254.50298107250003,2400.0,"{0: 56.566, 1: 13.402, 2: 9.184, 3: 11.111, 4: 9.091}","{0: 801.387, 1: 432.562, 2: 432.438, 3: 432.25, 4: 432.375}","{0: 0, 1: 0, 2: 0, 3: 0, 4: 0, 5: 0, 6: 0, 7: 0, 8: 0, 9: 0}","{0: 0, 1: 0, 2: 0, 3: 0, 4: 0, 5: 0, 6: 0, 7: 0, 8: 0, 9: 0}","{0: 0, 1: 0, 2: 0, 3: 0, 4: 0, 5: 0, 6: 0, 7: 0, 8: 0, 9: 0}",0,0
none_mongodb,60c1s5r10p,YCSB_A,rw_1000000,concurrent_45,0,27000,241.2115,431.8655,538.14301,259.67565126444447,2700.0,"{0: 59.596, 1: 14.583, 2: 9.278, 3: 9.375, 4: 8.333}","{0: 822.918, 1: 432.938, 2: 432.875, 3: 433.188, 4: 433.188}","{0: 0, 1: 0, 2: 0, 3: 0, 4: 0, 5: 0, 6: 0, 7: 0, 8: 0, 9: 0}","{0: 0, 1: 0, 2: 0, 3: 0, 4: 0, 5: 0, 6: 0, 7: 0, 8: 0, 9: 0}","{0: 0, 1: 0, 2: 0, 3: 0, 4: 0, 5: 0, 6: 0, 7: 0, 8: 0, 9: 0}",0,0
none_mongodb,60c1s5r10p,YCSB_A,rw_1000000,concurrent_50,0,30000,236.6415,426.5591,512.7853799999999,259.32364656666664,3000.0,"{0: 61.856, 1: 15.306, 2: 10.204, 3: 10.204, 4: 10.101}","{0: 847.539, 1: 433.688, 2: 433.625, 3: 433.688, 4: 433.438}","{0: 0, 1: 0, 2: 0, 3: 0, 4: 0, 5: 0, 6: 0, 7: 0, 8: 0, 9: 0}","{0: 0, 1: 0, 2: 0, 3: 0, 4: 0, 5: 0, 6: 0, 7: 0, 8: 0, 9: 0}","{0: 0, 1: 0, 2: 0, 3: 0, 4: 0, 5: 0, 6: 0, 7: 0, 8: 0, 9: 0}",0,0
rule_fpga_raft,60c1s5r10p,YCSB_A,rw_1000000,concurrent_1,0,600,313.091,339.6675000000012,389.22108000000003,292.743765,60.0,"{0: 13.043, 1: 26.606, 2: 7.955, 3: 1.235, 4: 2.41}","{0: 432.688, 1: 431.062, 2: 431.25, 3: 430.938, 4: 430.938}","{0: 0, 1: 0, 2: 0, 3: 0, 4: 0, 5: 0, 6: 0, 7: 0, 8: 0, 9: 0}","{0: 0, 1: 0, 2: 0, 3: 0, 4: 0, 5: 0, 6: 0, 7: 0, 8: 0, 9: 0}","{0: 0, 1: 0, 2: 0, 3: 0, 4: 0, 5: 0, 6: 0, 7: 0, 8: 0, 9: 0}",0,0
rule_fpga_raft,60c1s5r10p,YCSB_A,rw_1000000,concurrent_5,0,3000,313.469,340.4847999999952,398.39202,294.00768866666664,300.0,"{0: 6.024, 1: 2.439, 2: 11.957, 3: 10.112, 4: 22.33}","{0: 448.812, 1: 444.5, 2: 444.938, 3: 443.938, 4: 444.5}","{0: 0, 1: 0, 2: 0, 3: 0, 4: 0, 5: 0, 6: 0, 7: 0, 8: 0, 9: 0}","{0: 0, 1: 0, 2: 0, 3: 0, 4: 0, 5: 0, 6: 0, 7: 0, 8: 0, 9: 0}","{0: 0, 1: 0, 2: 0, 3: 0, 4: 0, 5: 0, 6: 0, 7: 0, 8: 0, 9: 0}",0,0
rule_fpga_raft,60c1s5r10p,YCSB_A,rw_1000000,concurrent_10,0,6000,311.95000000000005,360.0842000000105,406.456,292.85049466666663,600.0,"{0: 7.229, 1: 15.957, 2: 23.077, 3: 21.569, 4: 3.659}","{0: 453.312, 1: 446.875, 2: 446.688, 3: 446.75, 4: 446.688}","{0: 0, 1: 0, 2: 0, 3: 0, 4: 0, 5: 0, 6: 0, 7: 0, 8: 0, 9: 0}","{0: 0, 1: 0, 2: 0, 3: 0, 4: 0, 5: 0, 6: 0, 7: 0, 8: 0, 9: 0}","{0: 0, 1: 0, 2: 0, 3: 0, 4: 0, 5: 0, 6: 0, 7: 0, 8: 0, 9: 0}",0,0
rule_fpga_raft,60c1s5r10p,YCSB_A,rw_1000000,concurrent_20,0,12000,313.3245,388.3046,399.04707,294.56921516666665,1200.0,"{0: 13.095, 1: 4.819, 2: 4.819, 3: 3.704, 4: 4.819}","{0: 461.875, 1: 450.125, 2: 450.25, 3: 450.0, 4: 449.938}","{0: 0, 1: 0, 2: 0, 3: 0, 4: 0, 5: 0, 6: 0, 7: 0, 8: 0, 9: 0}","{0: 0, 1: 0, 2: 0, 3: 0, 4: 0, 5: 0, 6: 0, 7: 0, 8: 0, 9: 0}","{0: 0, 1: 0, 2: 0, 3: 0, 4: 0, 5: 0, 6: 0, 7: 0, 8: 0, 9: 0}",0,0
rule_fpga_raft,60c1s5r10p,YCSB_A,rw_1000000,concurrent_30,0,18000,314.562,342.22080000001654,399.24003,294.77957499999997,1800.0,"{0: 20.455, 1: 31.579, 2: 6.024, 3: 16.129, 4: 4.938}","{0: 470.25, 1: 453.125, 2: 453.625, 3: 452.938, 4: 453.375}","{0: 0, 1: 0, 2: 0, 3: 0, 4: 0, 5: 0, 6: 0, 7: 0, 8: 0, 9: 0}","{0: 0, 1: 0, 2: 0, 3: 0, 4: 0, 5: 0, 6: 0, 7: 0, 8: 0, 9: 0}","{0: 0, 1: 0, 2: 0, 3: 0, 4: 0, 5: 0, 6: 0, 7: 0, 8: 0, 9: 0}",0,0
rule_fpga_raft,60c1s5r10p,YCSB_A,rw_1000000,concurrent_40,0,24000,315.164,343.61330000010906,400.26203,295.56567408333336,2400.0,"{0: 22.093, 1: 6.098, 2: 15.217, 3: 18.947, 4: 6.098}","{0: 479.75, 1: 457.125, 2: 457.875, 3: 456.812, 4: 456.5}","{0: 0, 1: 0, 2: 0, 3: 0, 4: 0, 5: 0, 6: 0, 7: 0, 8: 0, 9: 0}","{0: 0, 1: 0, 2: 0, 3: 0, 4: 0, 5: 0, 6: 0, 7: 0, 8: 0, 9: 0}","{0: 0, 1: 0, 2: 0, 3: 0, 4: 0, 5: 0, 6: 0, 7: 0, 8: 0, 9: 0}",0,0
rule_fpga_raft,60c1s5r10p,YCSB_A,rw_1000000,concurrent_50,0,30000,315.2815,388.3249000000009,399.94100999999995,297.3434125666667,3000.0,"{0: 23.256, 1: 22.449, 2: 6.098, 3: 10.588, 4: 9.524}","{0: 489.125, 1: 460.0, 2: 460.312, 3: 459.438, 4: 459.562}","{0: 0, 1: 0, 2: 0, 3: 0, 4: 0, 5: 0, 6: 0, 7: 0, 8: 0, 9: 0}","{0: 0, 1: 0, 2: 0, 3: 0, 4: 0, 5: 0, 6: 0, 7: 0, 8: 0, 9: 0}","{0: 0, 1: 0, 2: 0, 3: 0, 4: 0, 5: 0, 6: 0, 7: 0, 8: 0, 9: 0}",0,0
rule_fpga_raft,60c1s5r10p,YCSB_A,rw_1000000,concurrent_60,0,36000,325.5635,392.0253,404.19401,304.8106411111111,3600.0,"{0: 26.437, 1: 10.714, 2: 11.628, 3: 8.434, 4: 8.434}","{0: 498.125, 1: 463.188, 2: 463.562, 3: 462.625, 4: 462.812}","{0: 0, 1: 0, 2: 0, 3: 0, 4: 0, 5: 0, 6: 0, 7: 0, 8: 0, 9: 0}","{0: 0, 1: 0, 2: 0, 3: 0, 4: 0, 5: 0, 6: 0, 7: 0, 8: 0, 9: 0}","{0: 0, 1: 0, 2: 0, 3: 0, 4: 0, 5: 0, 6: 0, 7: 0, 8: 0, 9: 0}",0,0
rule_fpga_raft,60c1s5r10p,YCSB_A,rw_1000000,concurrent_70,0,42000,335.09,393.4541,436.67804,317.3195298571429,4200.0,"{0: 30.337, 1: 11.905, 2: 11.765, 3: 8.434, 4: 13.636}","{0: 508.188, 1: 466.75, 2: 468.25, 3: 466.0, 4: 466.5}","{0: 0, 1: 0, 2: 0, 3: 0, 4: 0, 5: 0, 6: 0, 7: 0, 8: 0, 9: 0}","{0: 0, 1: 0, 2: 0, 3: 0, 4: 0, 5: 0, 6: 0, 7: 0, 8: 0, 9: 0}","{0: 0, 1: 0, 2: 0, 3: 0, 4: 0, 5: 0, 6: 0, 7: 0, 8: 0, 9: 0}",0,0
rule_fpga_raft,60c1s5r10p,YCSB_A,rw_1000000,concurrent_75,0,45000,345.93,410.6801,482.66603,332.68006842222223,4500.0,"{0: 29.885, 1: 10.714, 2: 24.0, 3: 7.407, 4: 29.63}","{0: 516.25, 1: 468.938, 2: 470.5, 3: 467.875, 4: 468.5}","{0: 0, 1: 0, 2: 0, 3: 0, 4: 0, 5: 0, 6: 0, 7: 0, 8: 0, 9: 0}","{0: 0, 1: 0, 2: 0, 3: 0, 4: 0, 5: 0, 6: 0, 7: 0, 8: 0, 9: 0}","{0: 0, 1: 0, 2: 0, 3: 0, 4: 0, 5: 0, 6: 0, 7: 0, 8: 0, 9: 0}",0,0
rule_fpga_raft,60c1s5r10p,YCSB_A,rw_1000000,concurrent_80,0,48000,366.807,432.4781,539.8184300000011,355.75529679166664,4800.0,"{0: 32.584, 1: 10.714, 2: 9.756, 3: 9.639, 4: 9.524}","{0: 524.5, 1: 471.25, 2: 472.125, 3: 470.25, 4: 471.25}","{0: 0, 1: 0, 2: 0, 3: 0, 4: 0, 5: 0, 6: 0, 7: 0, 8: 0, 9: 0}","{0: 0, 1: 0, 2: 0, 3: 0, 4: 0, 5: 0, 6: 0, 7: 0, 8: 0, 9: 0}","{0: 0, 1: 0, 2: 0, 3: 0, 4: 0, 5: 0, 6: 0, 7: 0, 8: 0, 9: 0}",0,0
rule_fpga_raft,60c1s5r10p,YCSB_A,rw_1000000,concurrent_90,0,54000,410.551,518.5120999999999,661.7970300000001,412.50286950000003,5400.0,"{0: 36.364, 1: 13.095, 2: 23.232, 3: 10.714, 4: 10.976}","{0: 550.312, 1: 475.312, 2: 474.5, 3: 474.375, 4: 474.125}","{0: 0, 1: 0, 2: 0, 3: 0, 4: 0, 5: 0, 6: 0, 7: 0, 8: 0, 9: 0}","{0: 0, 1: 0, 2: 0, 3: 0, 4: 0, 5: 0, 6: 0, 7: 0, 8: 0, 9: 0}","{0: 0, 1: 0, 2: 0, 3: 0, 4: 0, 5: 0, 6: 0, 7: 0, 8: 0, 9: 0}",0,0
rule_fpga_raft,60c1s5r10p,YCSB_A,rw_1000000,concurrent_100,0,60000,428.905,551.1233000000001,678.95204,428.34036366666675,6000.0,"{0: 40.23, 1: 13.095, 2: 26.733, 3: 11.905, 4: 31.481}","{0: 580.312, 1: 477.625, 2: 475.188, 3: 476.734, 4: 476.246}","{0: 0, 1: 0, 2: 0, 3: 0, 4: 0, 5: 0, 6: 0, 7: 0, 8: 0, 9: 0}","{0: 0, 1: 0, 2: 0, 3: 0, 4: 0, 5: 0, 6: 0, 7: 0, 8: 0, 9: 0}","{0: 0, 1: 0, 2: 0, 3: 0, 4: 0, 5: 0, 6: 0, 7: 0, 8: 0, 9: 0}",0,0
rule_fpga_raft,60c1s5r10p,YCSB_A,rw_1000000,concurrent_110,0,66000,484.98,629.4265,769.68011,485.7074776212121,6600.0,"{0: 46.067, 1: 17.647, 2: 10.714, 3: 12.941, 4: 29.126}","{0: 620.562, 1: 481.625, 2: 477.812, 3: 480.625, 4: 479.621}","{0: 0, 1: 0, 2: 0, 3: 0, 4: 0, 5: 0, 6: 0, 7: 0, 8: 0, 9: 0}","{0: 0, 1: 0, 2: 0, 3: 0, 4: 0, 5: 0, 6: 0, 7: 0, 8: 0, 9: 0}","{0: 0, 1: 0, 2: 0, 3: 0, 4: 0, 5: 0, 6: 0, 7: 0, 8: 0, 9: 0}",0,0
rule_fpga_raft,60c1s5r10p,YCSB_A,rw_1000000,concurrent_120,0,70773,742.117,1006.66,1213.47,757.4267692057706,7077.3,"{0: 50.0, 1: 15.294, 2: 19.565, 3: 19.101, 4: 16.092}","{0: 700.062, 1: 485.5, 2: 487.547, 3: 488.625, 4: 487.375}","{0: 0, 1: 0, 2: 0, 3: 0, 4: 0, 5: 0, 6: 0, 7: 0, 8: 0, 9: 0}","{0: 0, 1: 0, 2: 0, 3: 0, 4: 0, 5: 0, 6: 0, 7: 0, 8: 0, 9: 0}","{0: 0, 1: 0, 2: 0, 3: 0, 4: 0, 5: 0, 6: 0, 7: 0, 8: 0, 9: 0}",0,0
rule_fpga_raft,60c1s5r10p,YCSB_A,rw_1000000,concurrent_1,101,600,159.1245,220.35740000000018,237.92406,170.64706833333335,60.0,"{0: 13.187, 1: 2.439, 2: 2.439, 3: 1.235, 4: 3.614}","{0: 433.188, 1: 432.062, 2: 432.25, 3: 432.062, 4: 432.0}","{0: 23, 1: 60, 2: 60, 3: 60, 4: 60, 5: 60, 6: 60, 7: 60, 8: 60, 9: 60}","{0: 23, 1: 60, 2: 60, 3: 60, 4: 60, 5: 60, 6: 60, 7: 60, 8: 60, 9: 60}","{0: 0, 1: 60, 2: 60, 3: 60, 4: 60, 5: 60, 6: 60, 7: 60, 8: 60, 9: 60}",100.0,95.91474245115452
rule_fpga_raft,60c1s5r10p,YCSB_A,rw_1000000,concurrent_5,101,3000,161.837,222.30579999999944,237.77301,170.724666,300.0,"{0: 11.364, 1: 3.614, 2: 3.614, 3: 6.977, 4: 3.614}","{0: 449.25, 1: 447.375, 2: 447.812, 3: 446.312, 4: 447.062}","{0: 98, 1: 300, 2: 300, 3: 300, 4: 300, 5: 300, 6: 300, 7: 300, 8: 300, 9: 300}","{0: 98, 1: 300, 2: 300, 3: 300, 4: 300, 5: 300, 6: 300, 7: 300, 8: 300, 9: 300}","{0: 0, 1: 300, 2: 300, 3: 300, 4: 300, 5: 300, 6: 300, 7: 300, 8: 300, 9: 300}",100.0,96.4974982130093
rule_fpga_raft,60c1s5r10p,YCSB_A,rw_1000000,concurrent_10,101,6000,158.2,224.85790000000128,247.83301,171.14565050000002,600.0,"{0: 9.524, 1: 6.977, 2: 6.977, 3: 15.957, 4: 3.659}","{0: 454.438, 1: 451.625, 2: 451.812, 3: 451.375, 4: 451.438}","{0: 221, 1: 600, 2: 600, 3: 600, 4: 600, 5: 600, 6: 600, 7: 600, 8: 600, 9: 600}","{0: 221, 1: 600, 2: 600, 3: 600, 4: 600, 5: 600, 6: 600, 7: 600, 8: 600, 9: 600}","{0: 0, 1: 600, 2: 600, 3: 600, 4: 600, 5: 600, 6: 600, 7: 600, 8: 600, 9: 600}",100.0,96.06831524639743
rule_fpga_raft,60c1s5r10p,YCSB_A,rw_1000000,concurrent_20,101,12000,163.17849999999999,229.3511,248.249,172.36624625,1200.0,"{0: 12.941, 1: 7.229, 2: 4.878, 3: 8.14, 4: 6.024}","{0: 464.312, 1: 459.188, 2: 459.375, 3: 458.438, 4: 458.75}","{0: 452, 1: 1200, 2: 1200, 3: 1200, 4: 1200, 5: 1200, 6: 1200, 7: 1200, 8: 1200, 9: 1200}","{0: 452, 1: 1199, 2: 1200, 3: 1199, 4: 1200, 5: 1200, 6: 1199, 7: 1200, 8: 1200, 9: 1199}","{0: 0, 1: 1199, 2: 1200, 3: 1199, 4: 1200, 5: 1200, 6: 1199, 7: 1200, 8: 1200, 9: 1199}",99.96445076430857,95.94738713117668
rule_fpga_raft,60c1s5r10p,YCSB_A,rw_1000000,concurrent_30,101,18000,161.0445,228.113,254.18607,169.88336411111112,1800.0,"{0: 17.647, 1: 7.317, 2: 13.333, 3: 13.483, 4: 7.229}","{0: 472.875, 1: 465.312, 2: 466.375, 3: 464.875, 4: 465.5}","{0: 649, 1: 1800, 2: 1800, 3: 1800, 4: 1800, 5: 1800, 6: 1800, 7: 1800, 8: 1800, 9: 1800}","{0: 649, 1: 1800, 2: 1799, 3: 1799, 4: 1797, 5: 1799, 6: 1800, 7: 1799, 8: 1800, 9: 1798}","{0: 0, 1: 1800, 2: 1799, 3: 1799, 4: 1797, 5: 1799, 6: 1800, 7: 1799, 8: 1800, 9: 1798}",99.94658436702476,96.09472372247612
rule_fpga_raft,60c1s5r10p,YCSB_A,rw_1000000,concurrent_40,101,24000,164.00799999999998,227.73390000000003,248.43804999999998,169.76633283333334,2400.0,"{0: 22.093, 1: 9.639, 2: 20.408, 3: 10.588, 4: 8.537}","{0: 482.438, 1: 471.938, 2: 473.125, 3: 471.125, 4: 471.688}","{0: 865, 1: 2400, 2: 2400, 3: 2400, 4: 2400, 5: 2400, 6: 2400, 7: 2400, 8: 2400, 9: 2400}","{0: 865, 1: 2399, 2: 2399, 3: 2395, 4: 2399, 5: 2400, 6: 2399, 7: 2397, 8: 2399, 9: 2399}","{0: 0, 1: 2398, 2: 2397, 3: 2395, 4: 2399, 5: 2400, 6: 2399, 7: 2397, 8: 2399, 9: 2399}",99.93768083685734,96.07389272201202
rule_fpga_raft,60c1s5r10p,YCSB_A,rw_1000000,concurrent_50,101,30000,162.625,229.146,343.32109,175.72942143333333,3000.0,"{0: 24.706, 1: 20.213, 2: 15.385, 3: 12.791, 4: 9.639}","{0: 492.125, 1: 479.5, 2: 480.625, 3: 478.188, 4: 479.125}","{0: 1425, 1: 3000, 2: 3000, 3: 3000, 4: 3000, 5: 3000, 6: 3000, 7: 3000, 8: 3000, 9: 3000}","{0: 1425, 1: 2999, 2: 2997, 3: 2997, 4: 2997, 5: 2999, 6: 2996, 7: 2996, 8: 2999, 9: 3000}","{0: 515, 1: 2999, 2: 2982, 3: 2997, 4: 2981, 5: 2999, 6: 2996, 7: 2987, 8: 2999, 9: 3000}",99.92963940193492,96.58751099384345
rule_fpga_raft,60c1s5r10p,YCSB_A,rw_1000000,concurrent_60,101,36000,169.028,305.9762,453.25903,192.84947816666667,3600.0,"{0: 28.736, 1: 14.118, 2: 12.644, 3: 12.941, 4: 10.843}","{0: 501.438, 1: 485.875, 2: 486.812, 3: 484.25, 4: 483.875}","{0: 1840, 1: 3600, 2: 3600, 3: 3600, 4: 3600, 5: 3600, 6: 3600, 7: 3600, 8: 3600, 9: 3600}","{0: 1838, 1: 3599, 2: 3593, 3: 3595, 4: 3594, 5: 3591, 6: 3597, 7: 3592, 8: 3595, 9: 3594}","{0: 556, 1: 3599, 2: 3571, 3: 3595, 4: 3588, 5: 3591, 6: 3597, 7: 3586, 8: 3595, 9: 3594}",99.84813084112149,96.00467289719626
rule_fpga_raft,60c1s5r10p,YCSB_A,rw_1000000,concurrent_70,101,42000,171.524,320.42949999999973,455.36309,205.21320280952378,4200.0,"{0: 32.558, 1: 14.458, 2: 19.355, 3: 10.976, 4: 15.116}","{0: 511.812, 1: 492.875, 2: 494.688, 3: 490.812, 4: 490.625}","{0: 3311, 1: 4200, 2: 4200, 3: 4200, 4: 4200, 5: 4200, 6: 4200, 7: 4200, 8: 4200, 9: 4200}","{0: 3305, 1: 4196, 2: 4195, 3: 4196, 4: 4194, 5: 4192, 6: 4193, 7: 4198, 8: 4195, 9: 4195}","{0: 1925, 1: 4190, 2: 4183, 3: 4194, 4: 4182, 5: 4192, 6: 4193, 7: 4189, 8: 4195, 9: 4195}",99.87351317165722,96.41701734329011
rule_fpga_raft,60c1s5r10p,YCSB_A,rw_1000000,concurrent_75,101,45000,172.924,322.8884,456.16442000000006,210.0430159777778,4500.0,"{0: 32.184, 1: 17.442, 2: 13.095, 3: 12.941, 4: 13.095}","{0: 520.938, 1: 496.312, 2: 498.625, 3: 494.25, 4: 495.938}","{0: 4474, 1: 4500, 2: 4500, 3: 4500, 4: 4500, 5: 4500, 6: 4500, 7: 4500, 8: 4500, 9: 4500}","{0: 4468, 1: 4487, 2: 4490, 3: 4491, 4: 4489, 5: 4490, 6: 4490, 7: 4494, 8: 4493, 9: 4487}","{0: 3969, 1: 4476, 2: 4475, 3: 4491, 4: 4489, 5: 4490, 6: 4490, 7: 4494, 8: 4493, 9: 4487}",99.78876684306488,98.62142571263396
rule_fpga_raft,60c1s5r10p,YCSB_A,rw_1000000,concurrent_80,101,48000,173.2885,332.1491,456.10107,214.62532631249996,4800.0,"{0: 35.227, 1: 19.78, 2: 20.0, 3: 12.048, 4: 15.909}","{0: 528.5, 1: 502.812, 2: 507.188, 3: 501.062, 4: 502.375}","{0: 4786, 1: 4798, 2: 4800, 3: 4800, 4: 4800, 5: 4800, 6: 4800, 7: 4800, 8: 4800, 9: 4800}","{0: 4781, 1: 4795, 2: 4791, 3: 4798, 4: 4792, 5: 4786, 6: 4795, 7: 4789, 8: 4788, 9: 4792}","{0: 4677, 1: 4742, 2: 4779, 3: 4798, 4: 4792, 5: 4786, 6: 4795, 7: 4789, 8: 4788, 9: 4792}",99.8395298432811,99.48732910970324
rule_fpga_raft,60c1s5r10p,YCSB_A,rw_1000000,concurrent_90,101,54000,187.7585,335.55109999999996,463.88304999999997,225.57015575925928,5400.0,"{0: 39.326, 1: 17.442, 2: 14.118, 3: 14.458, 4: 16.092}","{0: 555.688, 1: 507.5, 2: 509.125, 3: 505.688, 4: 505.062}","{0: 5359, 1: 5394, 2: 5400, 3: 5400, 4: 5400, 5: 5400, 6: 5400, 7: 5400, 8: 5400, 9: 5400}","{0: 5339, 1: 5382, 2: 5389, 3: 5381, 4: 5386, 5: 5380, 6: 5385, 7: 5379, 8: 5379, 9: 5385}","{0: 5060, 1: 5234, 2: 5388, 3: 5381, 4: 5386, 5: 5380, 6: 5385, 7: 5379, 8: 5379, 9: 5385}",99.68861787111004,98.89533482846181
rule_fpga_raft,60c1s5r10p,YCSB_A,rw_1000000,concurrent_100,101,60000,192.57549999999998,338.897,467.25007,232.4478501,6000.0,"{0: 44.944, 1: 18.605, 2: 19.78, 3: 16.667, 4: 17.647}","{0: 584.812, 1: 514.438, 2: 517.0, 3: 512.375, 4: 511.938}","{0: 5856, 1: 5997, 2: 6000, 3: 6000, 4: 6000, 5: 6000, 6: 6000, 7: 6000, 8: 6000, 9: 6000}","{0: 5848, 1: 5980, 2: 5977, 3: 5973, 4: 5977, 5: 5983, 6: 5974, 7: 5985, 8: 5982, 9: 5980}","{0: 5439, 1: 5810, 2: 5974, 3: 5973, 4: 5977, 5: 5983, 6: 5974, 7: 5985, 8: 5982, 9: 5980}",99.67587255442501,98.70349021770004
rule_fpga_raft,60c1s5r10p,YCSB_A,rw_1000000,concurrent_110,101,66000,230.11450000000002,340.69399999999996,456.94304999999997,239.8039686212121,6600.0,"{0: 48.936, 1: 19.048, 2: 24.742, 3: 19.54, 4: 18.605}","{0: 620.875, 1: 519.875, 2: 522.938, 3: 518.125, 4: 519.312}","{0: 6281, 1: 6600, 2: 6600, 3: 6600, 4: 6600, 5: 6600, 6: 6600, 7: 6600, 8: 6600, 9: 6600}","{0: 6251, 1: 6576, 2: 6564, 3: 6573, 4: 6570, 5: 6579, 6: 6566, 7: 6572, 8: 6573, 9: 6585}","{0: 5742, 1: 6489, 2: 6564, 3: 6573, 4: 6570, 5: 6579, 6: 6566, 7: 6572, 8: 6573, 9: 6585}",99.58587719431799,98.67846104657359
rule_fpga_raft,60c1s5r10p,YCSB_A,rw_1000000,concurrent_120,101,71992,255.443,345.242,543.7749699999999,252.22620052228024,7199.2,"{0: 52.747, 1: 20.0, 2: 21.505, 3: 19.767, 4: 26.316}","{0: 688.812, 1: 530.188, 2: 532.562, 3: 527.25, 4: 528.625}","{0: 7000, 1: 7194, 2: 7199, 3: 7200, 4: 7193, 5: 7200, 6: 7200, 7: 7200, 8: 7200, 9: 7200}","{0: 6926, 1: 7102, 2: 7103, 3: 7115, 4: 7095, 5: 7149, 6: 7146, 7: 7133, 8: 7141, 9: 7146}","{0: 6883, 1: 7102, 2: 7103, 3: 7115, 4: 7095, 5: 7149, 6: 7146, 7: 7133, 8: 7141, 9: 7146}",98.98308862452289,98.92318836541943
rule_fpga_raft,60c1s5r10p,YCSB_A,rw_zipf_1,concurrent_1,0,600,311.918,337.7418000000012,396.55703,292.09147666666667,60.0,"{0: 4.819, 1: 19.0, 2: 5.814, 3: 1.235, 4: 8.989}","{0: 448.375, 1: 446.5, 2: 446.688, 3: 446.438, 4: 446.438}","{0: 0, 1: 0, 2: 0, 3: 0, 4: 0, 5: 0, 6: 0, 7: 0, 8: 0, 9: 0}","{0: 0, 1: 0, 2: 0, 3: 0, 4: 0, 5: 0, 6: 0, 7: 0, 8: 0, 9: 0}","{0: 0, 1: 0, 2: 0, 3: 0, 4: 0, 5: 0, 6: 0, 7: 0, 8: 0, 9: 0}",0,0
rule_fpga_raft,60c1s5r10p,YCSB_A,rw_zipf_1,concurrent_5,0,3000,313.7235,338.439999999995,398.982,294.20807733333334,300.0,"{0: 6.024, 1: 17.526, 2: 5.882, 3: 9.091, 4: 5.882}","{0: 463.312, 1: 459.688, 2: 459.812, 3: 458.812, 4: 459.188}","{0: 0, 1: 0, 2: 0, 3: 0, 4: 0, 5: 0, 6: 0, 7: 0, 8: 0, 9: 0}","{0: 0, 1: 0, 2: 0, 3: 0, 4: 0, 5: 0, 6: 0, 7: 0, 8: 0, 9: 0}","{0: 0, 1: 0, 2: 0, 3: 0, 4: 0, 5: 0, 6: 0, 7: 0, 8: 0, 9: 0}",0,0
rule_fpga_raft,60c1s5r10p,YCSB_A,rw_zipf_1,concurrent_10,0,6000,311.5215,337.6249000000193,395.66700999999995,291.07751533333334,600.0,"{0: 8.434, 1: 3.614, 2: 4.762, 3: 10.989, 4: 6.977}","{0: 466.75, 1: 461.375, 2: 461.312, 3: 461.375, 4: 461.188}","{0: 0, 1: 0, 2: 0, 3: 0, 4: 0, 5: 0, 6: 0, 7: 0, 8: 0, 9: 0}","{0: 0, 1: 0, 2: 0, 3: 0, 4: 0, 5: 0, 6: 0, 7: 0, 8: 0, 9: 0}","{0: 0, 1: 0, 2: 0, 3: 0, 4: 0, 5: 0, 6: 0, 7: 0, 8: 0, 9: 0}",0,0
rule_fpga_raft,60c1s5r10p,YCSB_A,rw_zipf_1,concurrent_20,0,12000,315.3505,341.32280000001964,399.95002999999997,295.85667058333337,1200.0,"{0: 10.976, 1: 3.659, 2: 16.842, 3: 4.878, 4: 4.878}","{0: 472.938, 1: 463.75, 2: 463.75, 3: 463.75, 4: 463.5}","{0: 0, 1: 0, 2: 0, 3: 0, 4: 0, 5: 0, 6: 0, 7: 0, 8: 0, 9: 0}","{0: 0, 1: 0, 2: 0, 3: 0, 4: 0, 5: 0, 6: 0, 7: 0, 8: 0, 9: 0}","{0: 0, 1: 0, 2: 0, 3: 0, 4: 0, 5: 0, 6: 0, 7: 0, 8: 0, 9: 0}",0,0
rule_fpga_raft,60c1s5r10p,YCSB_A,rw_zipf_1,concurrent_30,0,18000,315.64,342.29330000001903,406.618,296.50319516666667,1800.0,"{0: 18.391, 1: 17.895, 2: 4.878, 3: 6.024, 4: 6.098}","{0: 478.938, 1: 465.875, 2: 465.75, 3: 465.688, 4: 465.562}","{0: 0, 1: 0, 2: 0, 3: 0, 4: 0, 5: 0, 6: 0, 7: 0, 8: 0, 9: 0}","{0: 0, 1: 0, 2: 0, 3: 0, 4: 0, 5: 0, 6: 0, 7: 0, 8: 0, 9: 0}","{0: 0, 1: 0, 2: 0, 3: 0, 4: 0, 5: 0, 6: 0, 7: 0, 8: 0, 9: 0}",0,0
rule_fpga_raft,60c1s5r10p,YCSB_A,rw_zipf_1,concurrent_40,0,24000,311.878,339.027400000112,393.126,291.89389174999997,2400.0,"{0: 19.767, 1: 21.212, 2: 7.143, 3: 11.364, 4: 8.333}","{0: 485.25, 1: 467.938, 2: 468.312, 3: 467.562, 4: 467.875}","{0: 0, 1: 0, 2: 0, 3: 0, 4: 0, 5: 0, 6: 0, 7: 0, 8: 0, 9: 0}","{0: 0, 1: 0, 2: 0, 3: 0, 4: 0, 5: 0, 6: 0, 7: 0, 8: 0, 9: 0}","{0: 0, 1: 0, 2: 0, 3: 0, 4: 0, 5: 0, 6: 0, 7: 0, 8: 0, 9: 0}",0,0
rule_fpga_raft,60c1s5r10p,YCSB_A,rw_zipf_1,concurrent_50,0,30000,315.3025,379.65200000001875,424.59603,298.73289439999996,3000.0,"{0: 22.989, 1: 8.434, 2: 4.878, 3: 9.412, 4: 7.317}","{0: 491.75, 1: 470.188, 2: 470.375, 3: 469.75, 4: 469.938}","{0: 0, 1: 0, 2: 0, 3: 0, 4: 0, 5: 0, 6: 0, 7: 0, 8: 0, 9: 0}","{0: 0, 1: 0, 2: 0, 3: 0, 4: 0, 5: 0, 6: 0, 7: 0, 8: 0, 9: 0}","{0: 0, 1: 0, 2: 0, 3: 0, 4: 0, 5: 0, 6: 0, 7: 0, 8: 0, 9: 0}",0,0
rule_fpga_raft,60c1s5r10p,YCSB_A,rw_zipf_1,concurrent_60,0,36000,316.8755,387.3033,408.318,299.0684012777778,3600.0,"{0: 27.273, 1: 9.639, 2: 6.024, 3: 20.408, 4: 14.444}","{0: 496.562, 1: 471.812, 2: 472.562, 3: 471.625, 4: 471.75}","{0: 0, 1: 0, 2: 0, 3: 0, 4: 0, 5: 0, 6: 0, 7: 0, 8: 0, 9: 0}","{0: 0, 1: 0, 2: 0, 3: 0, 4: 0, 5: 0, 6: 0, 7: 0, 8: 0, 9: 0}","{0: 0, 1: 0, 2: 0, 3: 0, 4: 0, 5: 0, 6: 0, 7: 0, 8: 0, 9: 0}",0,0
rule_fpga_raft,60c1s5r10p,YCSB_A,rw_zipf_1,concurrent_70,0,42000,331.9805,389.9491,432.36108,312.0797704523809,4200.0,"{0: 29.545, 1: 10.843, 2: 6.098, 3: 6.173, 4: 7.229}","{0: 506.062, 1: 474.625, 2: 475.562, 3: 474.438, 4: 474.625}","{0: 0, 1: 0, 2: 0, 3: 0, 4: 0, 5: 0, 6: 0, 7: 0, 8: 0, 9: 0}","{0: 0, 1: 0, 2: 0, 3: 0, 4: 0, 5: 0, 6: 0, 7: 0, 8: 0, 9: 0}","{0: 0, 1: 0, 2: 0, 3: 0, 4: 0, 5: 0, 6: 0, 7: 0, 8: 0, 9: 0}",0,0
rule_fpga_raft,60c1s5r10p,YCSB_A,rw_zipf_1,concurrent_75,0,45000,343.561,405.0682,464.10904,328.20507493333326,4500.0,"{0: 32.584, 1: 10.714, 2: 8.434, 3: 7.317, 4: 11.494}","{0: 512.184, 1: 475.996, 2: 476.371, 3: 476.188, 4: 476.0}","{0: 0, 1: 0, 2: 0, 3: 0, 4: 0, 5: 0, 6: 0, 7: 0, 8: 0, 9: 0}","{0: 0, 1: 0, 2: 0, 3: 0, 4: 0, 5: 0, 6: 0, 7: 0, 8: 0, 9: 0}","{0: 0, 1: 0, 2: 0, 3: 0, 4: 0, 5: 0, 6: 0, 7: 0, 8: 0, 9: 0}",0,0
rule_fpga_raft,60c1s5r10p,YCSB_A,rw_zipf_1,concurrent_80,0,48000,375.4185,466.4289,566.21501,371.26370081249996,4800.0,"{0: 32.584, 1: 9.639, 2: 7.317, 3: 12.5, 4: 29.358}","{0: 520.688, 1: 477.375, 2: 477.938, 3: 476.934, 4: 477.625}","{0: 0, 1: 0, 2: 0, 3: 0, 4: 0, 5: 0, 6: 0, 7: 0, 8: 0, 9: 0}","{0: 0, 1: 0, 2: 0, 3: 0, 4: 0, 5: 0, 6: 0, 7: 0, 8: 0, 9: 0}","{0: 0, 1: 0, 2: 0, 3: 0, 4: 0, 5: 0, 6: 0, 7: 0, 8: 0, 9: 0}",0,0
rule_fpga_raft,60c1s5r10p,YCSB_A,rw_zipf_1,concurrent_90,0,54000,404.02599999999995,493.15549999999996,638.03004,402.1364469999999,5400.0,"{0: 33.721, 1: 10.843, 2: 8.434, 3: 22.222, 4: 10.714}","{0: 540.75, 1: 479.75, 2: 479.285, 3: 479.496, 4: 479.5}","{0: 0, 1: 0, 2: 0, 3: 0, 4: 0, 5: 0, 6: 0, 7: 0, 8: 0, 9: 0}","{0: 0, 1: 0, 2: 0, 3: 0, 4: 0, 5: 0, 6: 0, 7: 0, 8: 0, 9: 0}","{0: 0, 1: 0, 2: 0, 3: 0, 4: 0, 5: 0, 6: 0, 7: 0, 8: 0, 9: 0}",0,0
rule_fpga_raft,60c1s5r10p,YCSB_A,rw_zipf_1,concurrent_100,0,60000,429.8765,542.6465,681.32002,426.65164740000006,6000.0,"{0: 39.326, 1: 13.095, 2: 7.317, 3: 9.756, 4: 25.49}","{0: 579.375, 1: 481.75, 2: 481.117, 3: 482.305, 4: 481.805}","{0: 0, 1: 0, 2: 0, 3: 0, 4: 0, 5: 0, 6: 0, 7: 0, 8: 0, 9: 0}","{0: 0, 1: 0, 2: 0, 3: 0, 4: 0, 5: 0, 6: 0, 7: 0, 8: 0, 9: 0}","{0: 0, 1: 0, 2: 0, 3: 0, 4: 0, 5: 0, 6: 0, 7: 0, 8: 0, 9: 0}",0,0
rule_fpga_raft,60c1s5r10p,YCSB_A,rw_zipf_1,concurrent_110,0,66000,459.9995,605.2481,748.91406,458.98718457575757,6600.0,"{0: 44.444, 1: 20.652, 2: 8.537, 3: 31.481, 4: 17.582}","{0: 604.0, 1: 484.5, 2: 482.781, 3: 483.938, 4: 484.113}","{0: 0, 1: 0, 2: 0, 3: 0, 4: 0, 5: 0, 6: 0, 7: 0, 8: 0, 9: 0}","{0: 0, 1: 0, 2: 0, 3: 0, 4: 0, 5: 0, 6: 0, 7: 0, 8: 0, 9: 0}","{0: 0, 1: 0, 2: 0, 3: 0, 4: 0, 5: 0, 6: 0, 7: 0, 8: 0, 9: 0}",0,0
rule_fpga_raft,60c1s5r10p,YCSB_A,rw_zipf_1,concurrent_120,0,69544,885.1814999999999,1212.73,1425.7257,881.8400552024619,6954.4,"{0: 48.352, 1: 22.34, 2: 9.412, 3: 10.976, 4: 20.43}","{0: 686.875, 1: 489.062, 2: 495.812, 3: 495.5, 4: 497.738}","{0: 0, 1: 0, 2: 0, 3: 0, 4: 0, 5: 0, 6: 0, 7: 0, 8: 0, 9: 0}","{0: 0, 1: 0, 2: 0, 3: 0, 4: 0, 5: 0, 6: 0, 7: 0, 8: 0, 9: 0}","{0: 0, 1: 0, 2: 0, 3: 0, 4: 0, 5: 0, 6: 0, 7: 0, 8: 0, 9: 0}",0,0
rule_fpga_raft,60c1s5r10p,YCSB_A,rw_zipf_1,concurrent_1,101,600,159.40699999999998,234.24710000000007,330.99241,177.00654,60.0,"{0: 7.059, 1: 5.814, 2: 2.439, 3: 8.989, 4: 6.977}","{0: 448.375, 1: 447.312, 2: 447.562, 3: 447.125, 4: 447.375}","{0: 25, 1: 60, 2: 60, 3: 60, 4: 60, 5: 60, 6: 60, 7: 60, 8: 60, 9: 60}","{0: 21, 1: 53, 2: 58, 3: 51, 4: 55, 5: 56, 6: 56, 7: 53, 8: 54, 9: 56}","{0: 0, 1: 53, 2: 58, 3: 51, 4: 55, 5: 56, 6: 56, 7: 53, 8: 54, 9: 56}",90.79646017699115,87.07964601769912
rule_fpga_raft,60c1s5r10p,YCSB_A,rw_zipf_1,concurrent_5,101,3000,161.534,313.221,393.8271,192.99628800000002,300.0,"{0: 9.195, 1: 3.614, 2: 12.903, 3: 2.439, 4: 12.088}","{0: 464.188, 1: 462.312, 2: 462.438, 3: 461.625, 4: 462.062}","{0: 114, 1: 300, 2: 299, 3: 300, 4: 298, 5: 298, 6: 297, 7: 300, 8: 300, 9: 299}","{0: 97, 1: 241, 2: 240, 3: 249, 4: 238, 5: 224, 6: 235, 7: 231, 8: 237, 9: 250}","{0: 0, 1: 241, 2: 240, 3: 249, 4: 238, 5: 224, 6: 235, 7: 231, 8: 237, 9: 250}",79.92869875222816,76.47058823529412
rule_fpga_raft,60c1s5r10p,YCSB_A,rw_zipf_1,concurrent_10,101,6000,167.6535,312.7161,387.58107,196.300018,600.0,"{0: 11.364, 1: 19.192, 2: 4.819, 3: 4.819, 4: 3.659}","{0: 468.0, 1: 464.688, 2: 464.812, 3: 464.562, 4: 464.688}","{0: 239, 1: 599, 2: 588, 3: 590, 4: 578, 5: 597, 6: 593, 7: 596, 8: 592, 9: 600}","{0: 188, 1: 464, 2: 459, 3: 448, 4: 444, 5: 468, 6: 460, 7: 463, 8: 455, 9: 464}","{0: 0, 1: 463, 2: 459, 3: 448, 4: 444, 5: 468, 6: 460, 7: 463, 8: 455, 9: 464}",77.4048815506102,74.01292175161522
rule_fpga_raft,60c1s5r10p,YCSB_A,rw_zipf_1,concurrent_20,101,12000,169.19,319.1976,397.33628000000004,201.82263975,1200.0,"{0: 15.116, 1: 20.408, 2: 4.878, 3: 16.129, 4: 6.098}","{0: 475.312, 1: 469.438, 2: 469.438, 3: 469.062, 4: 469.312}","{0: 470, 1: 1175, 2: 1176, 3: 1175, 4: 1180, 5: 1188, 6: 1179, 7: 1168, 8: 1177, 9: 1183}","{0: 353, 1: 864, 2: 855, 3: 857, 4: 850, 5: 876, 6: 887, 7: 872, 8: 871, 9: 880}","{0: 0, 1: 859, 2: 855, 3: 857, 4: 850, 5: 876, 6: 887, 7: 872, 8: 871, 9: 880}",73.75124198356066,70.51756842200344
rule_fpga_raft,60c1s5r10p,YCSB_A,rw_zipf_1,concurrent_30,101,18000,169.761,322.7624,390.24120999999997,206.22140911111111,1800.0,"{0: 18.824, 1: 7.229, 2: 11.364, 3: 7.143, 4: 6.098}","{0: 481.312, 1: 473.5, 2: 473.875, 3: 472.938, 4: 473.438}","{0: 650, 1: 1745, 2: 1753, 3: 1748, 4: 1755, 5: 1773, 6: 1754, 7: 1742, 8: 1750, 9: 1779}","{0: 467, 1: 1270, 2: 1243, 3: 1220, 4: 1231, 5: 1292, 6: 1258, 7: 1221, 8: 1199, 9: 1276}","{0: 0, 1: 1263, 2: 1243, 3: 1220, 4: 1231, 5: 1292, 6: 1258, 7: 1221, 8: 1199, 9: 1276}",70.98911787950635,68.10748373761322
rule_fpga_raft,60c1s5r10p,YCSB_A,rw_zipf_1,concurrent_40,101,24000,172.8275,328.402,390.24001,211.01490424999997,2400.0,"{0: 21.176, 1: 8.537, 2: 7.229, 3: 22.449, 4: 18.085}","{0: 488.562, 1: 477.188, 2: 478.0, 3: 477.0, 4: 477.312}","{0: 885, 1: 2297, 2: 2312, 3: 2301, 4: 2280, 5: 2337, 6: 2316, 7: 2301, 8: 2334, 9: 2341}","{0: 608, 1: 1552, 2: 1588, 3: 1594, 4: 1534, 5: 1617, 6: 1546, 7: 1549, 8: 1596, 9: 1605}","{0: 41, 1: 1550, 2: 1588, 3: 1594, 4: 1533, 5: 1617, 6: 1546, 7: 1549, 8: 1596, 9: 1605}",68.13951345374124,65.51326944342057
rule_fpga_raft,60c1s5r10p,YCSB_A,rw_zipf_1,concurrent_50,101,30000,174.0285,330.8383,469.45905,220.5684564,3000.0,"{0: 26.437, 1: 9.756, 2: 19.588, 3: 9.639, 4: 8.434}","{0: 494.688, 1: 481.188, 2: 482.062, 3: 481.125, 4: 481.438}","{0: 1089, 1: 2862, 2: 2850, 3: 2829, 4: 2818, 5: 2911, 6: 2892, 7: 2805, 8: 2907, 9: 2884}","{0: 742, 1: 1928, 2: 1854, 3: 1877, 4: 1859, 5: 1956, 6: 1949, 7: 1834, 8: 1950, 9: 1910}","{0: 44, 1: 1922, 2: 1848, 3: 1868, 4: 1852, 5: 1956, 6: 1949, 7: 1831, 8: 1950, 9: 1910}",66.52139903899877,63.80601184489887
rule_fpga_raft,60c1s5r10p,YCSB_A,rw_zipf_1,concurrent_60,101,36000,190.902,374.0285,508.74313,243.2917591111111,3600.0,"{0: 28.409, 1: 20.213, 2: 21.649, 3: 10.843, 4: 9.756}","{0: 502.938, 1: 485.062, 2: 485.625, 3: 484.688, 4: 484.312}","{0: 1492, 1: 3399, 2: 3368, 3: 3365, 4: 3376, 5: 3455, 6: 3402, 7: 3373, 8: 3452, 9: 3424}","{0: 957, 1: 2230, 2: 2198, 3: 2174, 4: 2132, 5: 2208, 6: 2230, 7: 2124, 8: 2168, 9: 2192}","{0: 117, 1: 2223, 2: 2186, 3: 2174, 4: 2124, 5: 2208, 6: 2230, 7: 2115, 8: 2168, 9: 2192}",64.20295271911792,61.474490749392636
rule_fpga_raft,60c1s5r10p,YCSB_A,rw_zipf_1,concurrent_70,101,42000,238.649,433.4809,533.37804,263.0132596428571,4200.0,"{0: 29.545, 1: 15.116, 2: 10.714, 3: 11.628, 4: 13.793}","{0: 509.625, 1: 489.25, 2: 489.875, 3: 488.688, 4: 488.312}","{0: 2571, 1: 3923, 2: 3881, 3: 3859, 4: 3888, 5: 3961, 6: 3978, 7: 3947, 8: 3990, 9: 3997}","{0: 1638, 1: 2509, 2: 2469, 3: 2390, 4: 2359, 5: 2443, 6: 2518, 7: 2466, 8: 2542, 9: 2512}","{0: 1036, 1: 2460, 2: 2457, 3: 2390, 4: 2358, 5: 2443, 6: 2518, 7: 2463, 8: 2542, 9: 2512}",62.76088959073562,61.00539544676931
rule_fpga_raft,60c1s5r10p,YCSB_A,rw_zipf_1,concurrent_75,101,45000,241.107,470.11699999999985,578.80821,279.7386900222222,4500.0,"{0: 31.818, 1: 14.286, 2: 10.714, 3: 19.355, 4: 21.875}","{0: 517.625, 1: 491.25, 2: 492.25, 3: 490.75, 4: 491.188}","{0: 4078, 1: 4086, 2: 4120, 3: 4141, 4: 4136, 5: 4239, 6: 4186, 7: 4178, 8: 4252, 9: 4259}","{0: 2562, 1: 2493, 2: 2536, 3: 2611, 4: 2527, 5: 2537, 6: 2582, 7: 2578, 8: 2604, 9: 2676}","{0: 2484, 1: 2475, 2: 2531, 3: 2611, 4: 2527, 5: 2537, 6: 2582, 7: 2577, 8: 2604, 9: 2676}",61.68206358728254,61.4373125374925
rule_fpga_raft,60c1s5r10p,YCSB_A,rw_zipf_1,concurrent_80,101,48000,256.28,491.4597,565.7159000000005,286.90717618749994,4800.0,"{0: 32.955, 1: 14.118, 2: 15.116, 3: 11.765, 4: 12.048}","{0: 519.375, 1: 492.812, 2: 494.188, 3: 492.438, 4: 493.0}","{0: 4128, 1: 4341, 2: 4362, 3: 4392, 4: 4363, 5: 4544, 6: 4430, 7: 4440, 8: 4542, 9: 4487}","{0: 2519, 1: 2635, 2: 2652, 3: 2693, 4: 2649, 5: 2799, 6: 2676, 7: 2727, 8: 2813, 9: 2728}","{0: 2441, 1: 2607, 2: 2640, 3: 2693, 4: 2649, 5: 2799, 6: 2676, 7: 2727, 8: 2813, 9: 2728}",61.07565468214131,60.80764950373617
rule_fpga_raft,60c1s5r10p,YCSB_A,rw_zipf_1,concurrent_90,101,54000,306.4225,545.3218999999999,669.46709,322.9674942592593,5400.0,"{0: 37.5, 1: 20.652, 2: 17.045, 3: 22.917, 4: 19.78}","{0: 547.5, 1: 497.75, 2: 498.938, 3: 497.625, 4: 497.25}","{0: 4624, 1: 4790, 2: 4891, 3: 4832, 4: 4900, 5: 5063, 6: 4992, 7: 4944, 8: 5070, 9: 4998}","{0: 2730, 1: 2815, 2: 2886, 3: 2846, 4: 2857, 5: 2976, 6: 2932, 7: 2869, 8: 2997, 9: 2955}","{0: 2687, 1: 2811, 2: 2882, 3: 2846, 4: 2857, 5: 2976, 6: 2932, 7: 2869, 8: 2997, 9: 2955}",58.77932551319648,58.67546432062561
rule_fpga_raft,60c1s5r10p,YCSB_A,rw_zipf_1,concurrent_100,101,60000,314.56,573.4761,691.20208,341.6580429166667,6000.0,"{0: 41.573, 1: 16.279, 2: 12.941, 3: 18.182, 4: 18.182}","{0: 572.312, 1: 501.812, 2: 503.25, 3: 500.812, 4: 500.812}","{0: 4995, 1: 5157, 2: 5372, 3: 5386, 4: 5332, 5: 5521, 6: 5473, 7: 5457, 8: 5624, 9: 5530}","{0: 2888, 1: 3005, 2: 3150, 3: 3133, 4: 3073, 5: 3168, 6: 3159, 7: 3143, 8: 3294, 9: 3180}","{0: 2812, 1: 2951, 2: 3150, 3: 3133, 4: 3073, 5: 3168, 6: 3159, 7: 3143, 8: 3294, 9: 3180}",57.928946830835514,57.687522053224875
rule_fpga_raft,60c1s5r10p,YCSB_A,rw_zipf_1,concurrent_110,101,66000,335.371,615.9956999999999,736.90806,365.9723993939394,6600.0,"{0: 48.352, 1: 17.647, 2: 12.941, 3: 15.476, 4: 28.0}","{0: 611.688, 1: 505.875, 2: 507.125, 3: 506.5, 4: 506.125}","{0: 5472, 1: 5496, 2: 5846, 3: 5787, 4: 5802, 5: 6047, 6: 6039, 7: 5961, 8: 6166, 9: 6123}","{0: 3119, 1: 3095, 2: 3345, 3: 3251, 4: 3239, 5: 3312, 6: 3465, 7: 3334, 8: 3506, 9: 3464}","{0: 2961, 1: 3083, 2: 3345, 3: 3251, 4: 3239, 5: 3312, 6: 3465, 7: 3334, 8: 3506, 9: 3464}",56.40204974548426,56.11263385484942
rule_fpga_raft,60c1s5r10p,YCSB_A,rw_zipf_1,concurrent_120,101,71704,560.8995,883.4849,1030.2897,522.25655956432,7170.4,"{0: 50.562, 1: 20.93, 2: 14.118, 3: 16.471, 4: 26.531}","{0: 673.062, 1: 510.812, 2: 513.25, 3: 510.375, 4: 512.812}","{0: 6042, 1: 6022, 2: 6228, 3: 6220, 4: 6064, 5: 6595, 6: 6334, 7: 6326, 8: 6583, 9: 6456}","{0: 3099, 1: 3026, 2: 3141, 3: 3122, 4: 3047, 5: 3390, 6: 3262, 7: 3213, 8: 3420, 9: 3367}","{0: 3099, 1: 3026, 2: 3140, 3: 3122, 4: 3047, 5: 3390, 6: 3262, 7: 3213, 8: 3420, 9: 3367}",51.037060601240654,51.03547001749642
rule_copilot,60c1s5r10p,YCSB_A,rw_1000000,concurrent_1,0,600,469.9365,502.430000000001,559.2002200000001,452.07766000000004,60.0,"{0: 3.03, 1: 3.061, 2: 1.02, 3: 2.041, 4: 2.02}","{0: 434.875, 1: 434.812, 2: 432.5, 3: 432.188, 4: 432.0}","{0: 0, 1: 0, 2: 0, 3: 0, 4: 0, 5: 0, 6: 0, 7: 0, 8: 0, 9: 0}","{0: 0, 1: 0, 2: 0, 3: 0, 4: 0, 5: 0, 6: 0, 7: 0, 8: 0, 9: 0}","{0: 0, 1: 0, 2: 0, 3: 0, 4: 0, 5: 0, 6: 0, 7: 0, 8: 0, 9: 0}",0,0
rule_copilot,60c1s5r10p,YCSB_A,rw_1000000,concurrent_5,0,3000,470.5105,502.40149999999505,559.0566499999999,451.119913,300.0,"{0: 5.051, 1: 5.102, 2: 2.041, 3: 3.03, 4: 3.03}","{0: 460.438, 1: 459.75, 2: 453.188, 3: 450.875, 4: 450.75}","{0: 0, 1: 0, 2: 0, 3: 0, 4: 0, 5: 0, 6: 0, 7: 0, 8: 0, 9: 0}","{0: 0, 1: 0, 2: 0, 3: 0, 4: 0, 5: 0, 6: 0, 7: 0, 8: 0, 9: 0}","{0: 0, 1: 0, 2: 0, 3: 0, 4: 0, 5: 0, 6: 0, 7: 0, 8: 0, 9: 0}",0,0
rule_copilot,60c1s5r10p,YCSB_A,rw_1000000,concurrent_10,0,6000,465.38599999999997,492.80700000001934,553.2660099999999,443.6341371666666,600.0,"{0: 7.143, 1: 7.216, 2: 3.061, 3: 4.0, 4: 4.0}","{0: 490.75, 1: 490.125, 2: 476.75, 3: 472.688, 4: 472.0}","{0: 0, 1: 0, 2: 0, 3: 0, 4: 0, 5: 0, 6: 0, 7: 0, 8: 0, 9: 0}","{0: 0, 1: 0, 2: 0, 3: 0, 4: 0, 5: 0, 6: 0, 7: 0, 8: 0, 9: 0}","{0: 0, 1: 0, 2: 0, 3: 0, 4: 0, 5: 0, 6: 0, 7: 0, 8: 0, 9: 0}",0,0
rule_copilot,60c1s5r10p,YCSB_A,rw_1000000,concurrent_20,0,12000,466.783,495.35610000001526,550.09902,446.6009764166667,1200.0,"{0: 12.371, 1: 14.286, 2: 5.102, 3: 6.061, 4: 5.051}","{0: 514.125, 1: 515.875, 2: 489.875, 3: 489.562, 4: 489.688}","{0: 0, 1: 0, 2: 0, 3: 0, 4: 0, 5: 0, 6: 0, 7: 0, 8: 0, 9: 0}","{0: 0, 1: 0, 2: 0, 3: 0, 4: 0, 5: 0, 6: 0, 7: 0, 8: 0, 9: 0}","{0: 0, 1: 0, 2: 0, 3: 0, 4: 0, 5: 0, 6: 0, 7: 0, 8: 0, 9: 0}",0,0
rule_copilot,60c1s5r10p,YCSB_A,rw_1000000,concurrent_30,0,18000,471.143,498.16740000001863,553.29602,450.22686355555555,1800.0,"{0: 20.202, 1: 22.222, 2: 7.071, 3: 6.122, 4: 7.143}","{0: 526.25, 1: 527.875, 2: 493.75, 3: 493.312, 4: 493.5}","{0: 0, 1: 0, 2: 0, 3: 0, 4: 0, 5: 0, 6: 0, 7: 0, 8: 0, 9: 0}","{0: 0, 1: 0, 2: 0, 3: 0, 4: 0, 5: 0, 6: 0, 7: 0, 8: 0, 9: 0}","{0: 0, 1: 0, 2: 0, 3: 0, 4: 0, 5: 0, 6: 0, 7: 0, 8: 0, 9: 0}",0,0
rule_copilot,60c1s5r10p,YCSB_A,rw_1000000,concurrent_40,0,24000,473.632,503.57080000007363,557.88501,452.86527829166664,2400.0,"{0: 26.531, 1: 30.612, 2: 8.163, 3: 9.091, 4: 9.184}","{0: 539.5, 1: 540.5, 2: 499.312, 3: 498.438, 4: 498.812}","{0: 0, 1: 0, 2: 0, 3: 0, 4: 0, 5: 0, 6: 0, 7: 0, 8: 0, 9: 0}","{0: 0, 1: 0, 2: 0, 3: 0, 4: 0, 5: 0, 6: 0, 7: 0, 8: 0, 9: 0}","{0: 0, 1: 0, 2: 0, 3: 0, 4: 0, 5: 0, 6: 0, 7: 0, 8: 0, 9: 0}",0,0
rule_copilot,60c1s5r10p,YCSB_A,rw_1000000,concurrent_50,0,30000,481.5545,537.8154000000146,573.5274699999998,464.26667576666665,3000.0,"{0: 32.653, 1: 37.374, 2: 11.0, 3: 10.101, 4: 9.091}","{0: 553.062, 1: 555.562, 2: 502.688, 3: 510.812, 4: 510.875}","{0: 0, 1: 0, 2: 0, 3: 0, 4: 0, 5: 0, 6: 0, 7: 0, 8: 0, 9: 0}","{0: 0, 1: 0, 2: 0, 3: 0, 4: 0, 5: 0, 6: 0, 7: 0, 8: 0, 9: 0}","{0: 0, 1: 0, 2: 0, 3: 0, 4: 0, 5: 0, 6: 0, 7: 0, 8: 0, 9: 0}",0,0
rule_copilot,60c1s5r10p,YCSB_A,rw_1000000,concurrent_60,0,36000,559.9155000000001,645.0312,720.88608,552.5772278333333,3600.0,"{0: 42.0, 1: 50.0, 2: 22.222, 3: 11.111, 4: 11.224}","{0: 574.312, 1: 579.5, 2: 507.375, 3: 510.938, 4: 506.875}","{0: 0, 1: 0, 2: 0, 3: 0, 4: 0, 5: 0, 6: 0, 7: 0, 8: 0, 9: 0}","{0: 0, 1: 0, 2: 0, 3: 0, 4: 0, 5: 0, 6: 0, 7: 0, 8: 0, 9: 0}","{0: 0, 1: 0, 2: 0, 3: 0, 4: 0, 5: 0, 6: 0, 7: 0, 8: 0, 9: 0}",0,0
rule_copilot,60c1s5r10p,YCSB_A,rw_1000000,concurrent_70,0,42000,649.2004999999999,750.86,853.29005,643.1606854047619,4200.0,"{0: 56.122, 1: 61.0, 2: 34.0, 3: 14.141, 4: 12.245}","{0: 663.25, 1: 659.375, 2: 519.562, 3: 512.625, 4: 514.117}","{0: 0, 1: 0, 2: 0, 3: 0, 4: 0, 5: 0, 6: 0, 7: 0, 8: 0, 9: 0}","{0: 0, 1: 0, 2: 0, 3: 0, 4: 0, 5: 0, 6: 0, 7: 0, 8: 0, 9: 0}","{0: 0, 1: 0, 2: 0, 3: 0, 4: 0, 5: 0, 6: 0, 7: 0, 8: 0, 9: 0}",0,0
rule_copilot,60c1s5r10p,YCSB_A,rw_1000000,concurrent_1,101,600,164.26749999999998,197.0965000000008,238.97711,167.54730833333332,60.0,"{0: 3.03, 1: 4.04, 2: 2.02, 3: 2.041, 4: 2.041}","{0: 435.375, 1: 435.062, 2: 434.0, 3: 433.5, 4: 433.125}","{0: 60, 1: 60, 2: 60, 3: 60, 4: 60, 5: 60, 6: 60, 7: 60, 8: 60, 9: 60}","{0: 60, 1: 60, 2: 60, 3: 60, 4: 60, 5: 60, 6: 60, 7: 60, 8: 60, 9: 60}","{0: 60, 1: 60, 2: 60, 3: 60, 4: 60, 5: 60, 6: 60, 7: 60, 8: 60, 9: 60}",100.0,100.0
rule_copilot,60c1s5r10p,YCSB_A,rw_1000000,concurrent_5,101,3000,163.9745,196.7653999999969,237.40602,167.368013,300.0,"{0: 4.124, 1: 5.102, 2: 3.03, 3: 4.0, 4: 3.03}","{0: 460.562, 1: 460.188, 2: 455.188, 3: 452.188, 4: 452.125}","{0: 300, 1: 300, 2: 300, 3: 300, 4: 300, 5: 300, 6: 300, 7: 300, 8: 300, 9: 300}","{0: 300, 1: 300, 2: 300, 3: 300, 4: 300, 5: 300, 6: 300, 7: 300, 8: 300, 9: 300}","{0: 300, 1: 300, 2: 300, 3: 300, 4: 300, 5: 300, 6: 300, 7: 300, 8: 300, 9: 300}",100.0,100.0
rule_copilot,60c1s5r10p,YCSB_A,rw_1000000,concurrent_10,101,6000,167.67399999999998,227.1531,239.44503,167.8675285,600.0,"{0: 8.081, 1: 9.091, 2: 4.082, 3: 4.04, 4: 3.093}","{0: 491.625, 1: 491.188, 2: 481.188, 3: 476.062, 4: 477.625}","{0: 600, 1: 600, 2: 600, 3: 600, 4: 600, 5: 600, 6: 600, 7: 600, 8: 600, 9: 600}","{0: 600, 1: 600, 2: 600, 3: 600, 4: 599, 5: 600, 6: 600, 7: 600, 8: 599, 9: 598}","{0: 600, 1: 600, 2: 600, 3: 600, 4: 599, 5: 600, 6: 600, 7: 600, 8: 599, 9: 598}",99.93333333333334,99.93333333333334
rule_copilot,60c1s5r10p,YCSB_A,rw_1000000,concurrent_20,101,12000,167.9135,229.058,248.20301,168.65665391666664,1200.0,"{0: 14.286, 1: 15.306, 2: 6.061, 3: 6.122, 4: 6.061}","{0: 516.688, 1: 518.0, 2: 498.312, 3: 496.438, 4: 497.375}","{0: 1200, 1: 1200, 2: 1200, 3: 1200, 4: 1200, 5: 1200, 6: 1200, 7: 1200, 8: 1200, 9: 1200}","{0: 1197, 1: 1193, 2: 1198, 3: 1197, 4: 1200, 5: 1199, 6: 1198, 7: 1199, 8: 1200, 9: 1200}","{0: 1197, 1: 1193, 2: 1198, 3: 1197, 4: 1200, 5: 1199, 6: 1198, 7: 1199, 8: 1200, 9: 1200}",99.84166666666667,99.84166666666667
rule_copilot,60c1s5r10p,YCSB_A,rw_1000000,concurrent_30,101,18000,167.3275,227.5141,229.87104,168.14452516666665,1800.0,"{0: 22.0, 1: 22.449, 2: 8.081, 3: 8.163, 4: 8.163}","{0: 528.25, 1: 529.312, 2: 507.5, 3: 505.812, 4: 506.188}","{0: 1800, 1: 1800, 2: 1800, 3: 1800, 4: 1800, 5: 1800, 6: 1800, 7: 1800, 8: 1800, 9: 1800}","{0: 1798, 1: 1799, 2: 1799, 3: 1797, 4: 1798, 5: 1798, 6: 1798, 7: 1794, 8: 1799, 9: 1799}","{0: 1798, 1: 1799, 2: 1799, 3: 1797, 4: 1798, 5: 1798, 6: 1798, 7: 1794, 8: 1799, 9: 1799}",99.88333333333334,99.88333333333334
rule_copilot,60c1s5r10p,YCSB_A,rw_1000000,concurrent_40,101,24000,168.0915,227.8501,238.849,169.07688270833336,2400.0,"{0: 26.804, 1: 31.633, 2: 9.0, 3: 11.0, 4: 10.204}","{0: 541.812, 1: 542.625, 2: 516.25, 3: 514.0, 4: 514.5}","{0: 2400, 1: 2400, 2: 2400, 3: 2400, 4: 2400, 5: 2400, 6: 2400, 7: 2400, 8: 2400, 9: 2400}","{0: 2393, 1: 2397, 2: 2394, 3: 2396, 4: 2395, 5: 2396, 6: 2398, 7: 2393, 8: 2398, 9: 2398}","{0: 2393, 1: 2397, 2: 2394, 3: 2396, 4: 2395, 5: 2396, 6: 2398, 7: 2393, 8: 2398, 9: 2398}",99.825,99.825
rule_copilot,60c1s5r10p,YCSB_A,rw_1000000,concurrent_50,101,30000,168.708,229.705,347.4286099999991,176.70749186666666,3000.0,"{0: 36.364, 1: 40.206, 2: 11.224, 3: 12.245, 4: 12.0}","{0: 555.125, 1: 557.312, 2: 520.875, 3: 518.875, 4: 519.625}","{0: 3000, 1: 3000, 2: 3000, 3: 3000, 4: 3000, 5: 3000, 6: 3000, 7: 3000, 8: 3000, 9: 3000}","{0: 2996, 1: 2989, 2: 2995, 3: 2993, 4: 2989, 5: 2992, 6: 2992, 7: 2996, 8: 2996, 9: 2994}","{0: 2996, 1: 2989, 2: 2995, 3: 2993, 4: 2989, 5: 2992, 6: 2992, 7: 2996, 8: 2996, 9: 2994}",99.77333333333333,99.77333333333333
rule_copilot,60c1s5r10p,YCSB_A,rw_1000000,concurrent_60,101,36000,172.77249999999998,316.2333,459.05804,201.5646150277778,3600.0,"{0: 44.444, 1: 49.495, 2: 37.374, 3: 13.265, 4: 13.131}","{0: 590.062, 1: 586.625, 2: 537.75, 3: 528.625, 4: 527.312}","{0: 3600, 1: 3600, 2: 3600, 3: 3600, 4: 3600, 5: 3600, 6: 3600, 7: 3600, 8: 3600, 9: 3600}","{0: 3593, 1: 3589, 2: 3587, 3: 3589, 4: 3592, 5: 3587, 6: 3589, 7: 3593, 8: 3595, 9: 3591}","{0: 3593, 1: 3589, 2: 3587, 3: 3589, 4: 3592, 5: 3587, 6: 3589, 7: 3593, 8: 3595, 9: 3591}",99.73611111111111,99.73611111111111
rule_copilot,60c1s5r10p,YCSB_A,rw_1000000,concurrent_70,101,42000,177.765,339.8361,481.21616000000006,219.41523659523807,4200.0,"{0: 52.525, 1: 59.0, 2: 100.0, 3: 15.464, 4: 17.172}","{0: 669.562, 1: 658.562, 2: 572.062, 3: 536.125, 4: 537.062}","{0: 4200, 1: 4198, 2: 4199, 3: 4200, 4: 4200, 5: 4200, 6: 4199, 7: 4200, 8: 4200, 9: 4200}","{0: 4183, 1: 4185, 2: 4187, 3: 4182, 4: 4186, 5: 4189, 6: 4176, 7: 4189, 8: 4193, 9: 4190}","{0: 4180, 1: 4182, 2: 4183, 3: 4182, 4: 4183, 5: 4189, 6: 4175, 7: 4188, 8: 4193, 9: 4190}",99.67615963425088,99.64044194685208
rule_copilot,60c1s5r10p,YCSB_A,rw_zipf_1,concurrent_1,0,600,471.985,494.18840000000046,553.79105,447.5938116666667,60.0,"{0: 3.03, 1: 3.061, 2: 2.02, 3: 2.02, 4: 2.02}","{0: 450.25, 1: 449.875, 2: 448.125, 3: 447.25, 4: 447.312}","{0: 0, 1: 0, 2: 0, 3: 0, 4: 0, 5: 0, 6: 0, 7: 0, 8: 0, 9: 0}","{0: 0, 1: 0, 2: 0, 3: 0, 4: 0, 5: 0, 6: 0, 7: 0, 8: 0, 9: 0}","{0: 0, 1: 0, 2: 0, 3: 0, 4: 0, 5: 0, 6: 0, 7: 0, 8: 0, 9: 0}",0,0
rule_copilot,60c1s5r10p,YCSB_A,rw_zipf_1,concurrent_5,0,3000,468.91650000000004,497.661799999995,552.60941,448.21424,300.0,"{0: 5.051, 1: 5.102, 2: 2.062, 3: 2.041, 4: 2.041}","{0: 474.438, 1: 473.875, 2: 466.688, 3: 464.688, 4: 465.75}","{0: 0, 1: 0, 2: 0, 3: 0, 4: 0, 5: 0, 6: 0, 7: 0, 8: 0, 9: 0}","{0: 0, 1: 0, 2: 0, 3: 0, 4: 0, 5: 0, 6: 0, 7: 0, 8: 0, 9: 0}","{0: 0, 1: 0, 2: 0, 3: 0, 4: 0, 5: 0, 6: 0, 7: 0, 8: 0, 9: 0}",0,0
rule_copilot,60c1s5r10p,YCSB_A,rw_zipf_1,concurrent_10,0,6000,461.0815,488.9027000000061,549.91103,440.7020641666666,600.0,"{0: 7.143, 1: 8.081, 2: 3.061, 3: 4.04, 4: 4.04}","{0: 505.562, 1: 505.25, 2: 492.688, 3: 486.938, 4: 488.938}","{0: 0, 1: 0, 2: 0, 3: 0, 4: 0, 5: 0, 6: 0, 7: 0, 8: 0, 9: 0}","{0: 0, 1: 0, 2: 0, 3: 0, 4: 0, 5: 0, 6: 0, 7: 0, 8: 0, 9: 0}","{0: 0, 1: 0, 2: 0, 3: 0, 4: 0, 5: 0, 6: 0, 7: 0, 8: 0, 9: 0}",0,0
rule_copilot,60c1s5r10p,YCSB_A,rw_zipf_1,concurrent_20,0,12000,464.35450000000003,496.4439000000184,555.4640400000001,446.1216464166666,1200.0,"{0: 12.371, 1: 14.433, 2: 5.102, 3: 5.155, 4: 5.051}","{0: 524.562, 1: 526.562, 2: 503.875, 3: 503.562, 4: 503.625}","{0: 0, 1: 0, 2: 0, 3: 0, 4: 0, 5: 0, 6: 0, 7: 0, 8: 0, 9: 0}","{0: 0, 1: 0, 2: 0, 3: 0, 4: 0, 5: 0, 6: 0, 7: 0, 8: 0, 9: 0}","{0: 0, 1: 0, 2: 0, 3: 0, 4: 0, 5: 0, 6: 0, 7: 0, 8: 0, 9: 0}",0,0
rule_copilot,60c1s5r10p,YCSB_A,rw_zipf_1,concurrent_30,0,18000,469.731,496.02140000001873,551.87005,449.106848,1800.0,"{0: 21.0, 1: 22.449, 2: 6.061, 3: 6.122, 4: 6.122}","{0: 534.375, 1: 536.312, 2: 505.875, 3: 506.188, 4: 505.875}","{0: 0, 1: 0, 2: 0, 3: 0, 4: 0, 5: 0, 6: 0, 7: 0, 8: 0, 9: 0}","{0: 0, 1: 0, 2: 0, 3: 0, 4: 0, 5: 0, 6: 0, 7: 0, 8: 0, 9: 0}","{0: 0, 1: 0, 2: 0, 3: 0, 4: 0, 5: 0, 6: 0, 7: 0, 8: 0, 9: 0}",0,0
rule_copilot,60c1s5r10p,YCSB_A,rw_zipf_1,concurrent_40,0,24000,479.814,515.4491000000894,568.65005,459.5497270416667,2400.0,"{0: 26.804, 1: 29.592, 2: 7.071, 3: 8.163, 4: 8.163}","{0: 544.375, 1: 545.875, 2: 509.312, 3: 509.438, 4: 509.5}","{0: 0, 1: 0, 2: 0, 3: 0, 4: 0, 5: 0, 6: 0, 7: 0, 8: 0, 9: 0}","{0: 0, 1: 0, 2: 0, 3: 0, 4: 0, 5: 0, 6: 0, 7: 0, 8: 0, 9: 0}","{0: 0, 1: 0, 2: 0, 3: 0, 4: 0, 5: 0, 6: 0, 7: 0, 8: 0, 9: 0}",0,0
rule_copilot,60c1s5r10p,YCSB_A,rw_zipf_1,concurrent_50,0,30000,477.6145,540.5436,571.40313,461.1740179666666,3000.0,"{0: 33.673, 1: 37.755, 2: 8.081, 3: 9.091, 4: 9.091}","{0: 552.875, 1: 556.047, 2: 513.0, 3: 513.938, 4: 514.062}","{0: 0, 1: 0, 2: 0, 3: 0, 4: 0, 5: 0, 6: 0, 7: 0, 8: 0, 9: 0}","{0: 0, 1: 0, 2: 0, 3: 0, 4: 0, 5: 0, 6: 0, 7: 0, 8: 0, 9: 0}","{0: 0, 1: 0, 2: 0, 3: 0, 4: 0, 5: 0, 6: 0, 7: 0, 8: 0, 9: 0}",0,0
rule_copilot,60c1s5r10p,YCSB_A,rw_zipf_1,concurrent_60,0,36000,572.082,649.4948,720.35508,562.7506219722222,3600.0,"{0: 41.584, 1: 47.475, 2: 87.0, 3: 10.101, 4: 10.0}","{0: 603.562, 1: 597.188, 2: 539.438, 3: 519.0, 4: 516.875}","{0: 0, 1: 0, 2: 0, 3: 0, 4: 0, 5: 0, 6: 0, 7: 0, 8: 0, 9: 0}","{0: 0, 1: 0, 2: 0, 3: 0, 4: 0, 5: 0, 6: 0, 7: 0, 8: 0, 9: 0}","{0: 0, 1: 0, 2: 0, 3: 0, 4: 0, 5: 0, 6: 0, 7: 0, 8: 0, 9: 0}",0,0
rule_copilot,60c1s5r10p,YCSB_A,rw_zipf_1,concurrent_70,0,41990,693.4615,803.9721,901.36244,687.3599813288878,4199.0,"{0: 58.0, 1: 68.687, 2: 58.586, 3: 14.141, 4: 14.0}","{0: 653.438, 1: 663.684, 2: 530.75, 3: 523.562, 4: 523.0}","{0: 0, 1: 0, 2: 0, 3: 0, 4: 0, 5: 0, 6: 0, 7: 0, 8: 0, 9: 0}","{0: 0, 1: 0, 2: 0, 3: 0, 4: 0, 5: 0, 6: 0, 7: 0, 8: 0, 9: 0}","{0: 0, 1: 0, 2: 0, 3: 0, 4: 0, 5: 0, 6: 0, 7: 0, 8: 0, 9: 0}",0,0
rule_copilot,60c1s5r10p,YCSB_A,rw_zipf_1,concurrent_1,101,600,168.652,267.2762000000006,486.79806,195.79913333333334,60.0,"{0: 3.061, 1: 3.061, 2: 2.02, 3: 2.02, 4: 2.041}","{0: 450.75, 1: 450.0, 2: 449.0, 3: 448.375, 4: 448.688}","{0: 60, 1: 60, 2: 60, 3: 60, 4: 60, 5: 60, 6: 60, 7: 60, 8: 60, 9: 60}","{0: 53, 1: 55, 2: 55, 3: 54, 4: 52, 5: 57, 6: 52, 7: 56, 8: 53, 9: 51}","{0: 53, 1: 55, 2: 55, 3: 54, 4: 52, 5: 57, 6: 52, 7: 56, 8: 53, 9: 51}",89.66666666666667,89.66666666666667
rule_copilot,60c1s5r10p,YCSB_A,rw_zipf_1,concurrent_5,101,3000,171.4975,471.35769999999997,546.83608,232.80949500000003,300.0,"{0: 5.102, 1: 5.102, 2: 2.062, 3: 3.03, 4: 3.03}","{0: 474.812, 1: 474.438, 2: 469.25, 3: 466.812, 4: 467.5}","{0: 297, 1: 298, 2: 293, 3: 296, 4: 292, 5: 299, 6: 297, 7: 296, 8: 298, 9: 300}","{0: 233, 1: 219, 2: 225, 3: 235, 4: 223, 5: 242, 6: 233, 7: 230, 8: 222, 9: 235}","{0: 233, 1: 219, 2: 225, 3: 235, 4: 223, 5: 242, 6: 233, 7: 230, 8: 222, 9: 235}",77.44436952124073,77.44436952124073
rule_copilot,60c1s5r10p,YCSB_A,rw_zipf_1,concurrent_10,101,6000,171.7665,467.8043,542.8441700000001,249.42077299999997,600.0,"{0: 8.081, 1: 7.143, 2: 4.04, 3: 4.04, 4: 4.04}","{0: 503.938, 1: 502.812, 2: 493.25, 3: 487.5, 4: 489.25}","{0: 580, 1: 588, 2: 586, 3: 585, 4: 586, 5: 597, 6: 586, 7: 594, 8: 594, 9: 597}","{0: 396, 1: 412, 2: 420, 3: 420, 4: 419, 5: 435, 6: 394, 7: 411, 8: 433, 9: 449}","{0: 396, 1: 412, 2: 420, 3: 420, 4: 419, 5: 435, 6: 394, 7: 411, 8: 433, 9: 449}",71.08433734939759,71.08433734939759
rule_copilot,60c1s5r10p,YCSB_A,rw_zipf_1,concurrent_20,101,12000,174.153,478.6165,548.72827,267.60771258333335,1200.0,"{0: 14.141, 1: 15.464, 2: 6.122, 3: 6.061, 4: 5.102}","{0: 528.0, 1: 529.688, 2: 509.688, 3: 508.812, 4: 508.75}","{0: 1134, 1: 1141, 2: 1158, 3: 1131, 4: 1148, 5: 1167, 6: 1161, 7: 1149, 8: 1178, 9: 1160}","{0: 771, 1: 744, 2: 766, 3: 763, 4: 780, 5: 796, 6: 770, 7: 768, 8: 796, 9: 780}","{0: 771, 1: 744, 2: 766, 3: 763, 4: 780, 5: 796, 6: 770, 7: 768, 8: 796, 9: 780}",67.09464734970071,67.09464734970071
rule_copilot,60c1s5r10p,YCSB_A,rw_zipf_1,concurrent_30,101,18000,189.787,492.8509,554.1730699999999,282.7959361111111,1800.0,"{0: 22.0, 1: 23.469, 2: 7.143, 3: 7.143, 4: 7.216}","{0: 536.812, 1: 538.625, 2: 514.375, 3: 513.375, 4: 513.188}","{0: 1665, 1: 1670, 2: 1683, 3: 1703, 4: 1693, 5: 1737, 6: 1716, 7: 1705, 8: 1728, 9: 1721}","{0: 1054, 1: 1074, 2: 1054, 3: 1065, 4: 1098, 5: 1119, 6: 1090, 7: 1068, 8: 1079, 9: 1094}","{0: 1054, 1: 1074, 2: 1054, 3: 1065, 4: 1098, 5: 1119, 6: 1090, 7: 1068, 8: 1079, 9: 1094}",63.42165560190353,63.42165560190353
rule_copilot,60c1s5r10p,YCSB_A,rw_zipf_1,concurrent_40,101,24000,190.1815,492.8852,564.69641,287.35104120833336,2400.0,"{0: 27.273, 1: 31.633, 2: 8.163, 3: 10.101, 4: 11.0}","{0: 548.812, 1: 549.688, 2: 520.562, 3: 519.375, 4: 519.812}","{0: 2258, 1: 2230, 2: 2239, 3: 2235, 4: 2285, 5: 2249, 6: 2267, 7: 2257, 8: 2280, 9: 2323}","{0: 1381, 1: 1429, 2: 1369, 3: 1406, 4: 1457, 5: 1390, 6: 1398, 7: 1425, 8: 1447, 9: 1474}","{0: 1381, 1: 1429, 2: 1369, 3: 1406, 4: 1457, 5: 1390, 6: 1398, 7: 1425, 8: 1447, 9: 1474}",62.66189276400124,62.66189276400124
rule_copilot,60c1s5r10p,YCSB_A,rw_zipf_1,concurrent_50,101,30000,238.358,515.8224,625.8002299999999,316.82611706666665,3000.0,"{0: 35.354, 1: 40.404, 2: 12.0, 3: 12.121, 4: 11.0}","{0: 560.312, 1: 561.125, 2: 523.375, 3: 523.0, 4: 522.625}","{0: 2662, 1: 2707, 2: 2701, 3: 2674, 4: 2675, 5: 2806, 6: 2748, 7: 2714, 8: 2806, 9: 2774}","{0: 1525, 1: 1576, 2: 1596, 3: 1566, 4: 1579, 5: 1648, 6: 1610, 7: 1573, 8: 1641, 9: 1628}","{0: 1525, 1: 1576, 2: 1596, 3: 1566, 4: 1579, 5: 1648, 6: 1610, 7: 1573, 8: 1641, 9: 1628}",58.466277918362856,58.466277918362856
rule_copilot,60c1s5r10p,YCSB_A,rw_zipf_1,concurrent_60,101,36000,335.65650000000005,661.6516,782.08708,380.2844605,3600.0,"{0: 44.898, 1: 50.0, 2: 27.551, 3: 11.224, 4: 12.121}","{0: 594.688, 1: 592.562, 2: 538.312, 3: 527.938, 4: 527.75}","{0: 3188, 1: 3226, 2: 3244, 3: 3251, 4: 3246, 5: 3329, 6: 3221, 7: 3260, 8: 3298, 9: 3330}","{0: 1792, 1: 1877, 2: 1917, 3: 1904, 4: 1901, 5: 1944, 6: 1883, 7: 1858, 8: 1895, 9: 1922}","{0: 1791, 1: 1877, 2: 1917, 3: 1904, 4: 1901, 5: 1944, 6: 1883, 7: 1858, 8: 1895, 9: 1922}",57.96643451047771,57.96336636701132
rule_copilot,60c1s5r10p,YCSB_A,rw_zipf_1,concurrent_70,101,41697,486.949,902.9789999999999,1087.4404,505.39253231647365,4169.7,"{0: 64.0, 1: 72.727, 2: 40.816, 3: 15.152, 4: 17.347}","{0: 679.188, 1: 694.062, 2: 539.938, 3: 537.562, 4: 540.75}","{0: 3700, 1: 3715, 2: 3840, 3: 3793, 4: 3764, 5: 3843, 6: 3757, 7: 3778, 8: 3900, 9: 3841}","{0: 2042, 1: 2024, 2: 2088, 3: 2024, 4: 2084, 5: 2166, 6: 2086, 7: 2119, 8: 2207, 9: 2151}","{0: 2042, 1: 2024, 2: 2088, 3: 2024, 4: 2084, 5: 2166, 6: 2086, 7: 2119, 8: 2207, 9: 2151}",55.33995939996309,55.33995939996309
rule_mencius,60c1s5r10p,YCSB_A,rw_1000000,concurrent_1,0,600,160.4275,312.75719999999995,355.61113,201.308955,60.0,"{0: 2.0, 1: 2.02, 2: 2.02, 3: 2.02, 4: 2.02}","{0: 432.812, 1: 432.562, 2: 432.688, 3: 432.438, 4: 432.438}","{0: 0, 1: 0, 2: 0, 3: 0, 4: 0, 5: 0, 6: 0, 7: 0, 8: 0, 9: 0}","{0: 0, 1: 0, 2: 0, 3: 0, 4: 0, 5: 0, 6: 0, 7: 0, 8: 0, 9: 0}","{0: 0, 1: 0, 2: 0, 3: 0, 4: 0, 5: 0, 6: 0, 7: 0, 8: 0, 9: 0}",0,0
rule_mencius,60c1s5r10p,YCSB_A,rw_1000000,concurrent_5,0,3000,160.0625,311.7591,355.49102999999997,199.427766,300.0,"{0: 5.051, 1: 6.061, 2: 5.102, 3: 6.061, 4: 5.102}","{0: 447.375, 1: 446.375, 2: 447.062, 3: 445.75, 4: 446.25}","{0: 0, 1: 0, 2: 0, 3: 0, 4: 0, 5: 0, 6: 0, 7: 0, 8: 0, 9: 0}","{0: 0, 1: 0, 2: 0, 3: 0, 4: 0, 5: 0, 6: 0, 7: 0, 8: 0, 9: 0}","{0: 0, 1: 0, 2: 0, 3: 0, 4: 0, 5: 0, 6: 0, 7: 0, 8: 0, 9: 0}",0,0
rule_mencius,60c1s5r10p,YCSB_A,rw_1000000,concurrent_10,0,6000,167.67149999999998,317.5517,359.573,204.02752349999997,600.0,"{0: 13.265, 1: 12.371, 2: 15.306, 3: 14.286, 4: 13.265}","{0: 464.062, 1: 462.812, 2: 463.688, 3: 461.375, 4: 460.625}","{0: 0, 1: 0, 2: 0, 3: 0, 4: 0, 5: 0, 6: 0, 7: 0, 8: 0, 9: 0}","{0: 0, 1: 0, 2: 0, 3: 0, 4: 0, 5: 0, 6: 0, 7: 0, 8: 0, 9: 0}","{0: 0, 1: 0, 2: 0, 3: 0, 4: 0, 5: 0, 6: 0, 7: 0, 8: 0, 9: 0}",0,0
rule_mencius,60c1s5r10p,YCSB_A,rw_1000000,concurrent_12,0,7200,162.935,312.2137,355.73299000000003,203.33292347222223,720.0,"{0: 16.162, 1: 16.162, 2: 17.347, 3: 17.0, 4: 16.162}","{0: 470.062, 1: 470.25, 2: 470.875, 3: 468.062, 4: 466.875}","{0: 0, 1: 0, 2: 0, 3: 0, 4: 0, 5: 0, 6: 0, 7: 0, 8: 0, 9: 0}","{0: 0, 1: 0, 2: 0, 3: 0, 4: 0, 5: 0, 6: 0, 7: 0, 8: 0, 9: 0}","{0: 0, 1: 0, 2: 0, 3: 0, 4: 0, 5: 0, 6: 0, 7: 0, 8: 0, 9: 0}",0,0
rule_mencius,60c1s5r10p,YCSB_A,rw_1000000,concurrent_14,0,8400,167.1455,315.66229999999996,355.87905,206.04437964285714,840.0,"{0: 20.202, 1: 20.202, 2: 21.649, 3: 22.0, 4: 21.429}","{0: 476.75, 1: 476.625, 2: 477.688, 3: 474.312, 4: 473.188}","{0: 0, 1: 0, 2: 0, 3: 0, 4: 0, 5: 0, 6: 0, 7: 0, 8: 0, 9: 0}","{0: 0, 1: 0, 2: 0, 3: 0, 4: 0, 5: 0, 6: 0, 7: 0, 8: 0, 9: 0}","{0: 0, 1: 0, 2: 0, 3: 0, 4: 0, 5: 0, 6: 0, 7: 0, 8: 0, 9: 0}",0,0
rule_mencius,60c1s5r10p,YCSB_A,rw_1000000,concurrent_15,0,9000,167.352,316.8192,355.21900999999997,204.32202711111114,900.0,"{0: 17.347, 1: 17.526, 2: 18.182, 3: 19.802, 4: 19.192}","{0: 480.812, 1: 478.938, 2: 480.75, 3: 476.5, 4: 477.75}","{0: 0, 1: 0, 2: 0, 3: 0, 4: 0, 5: 0, 6: 0, 7: 0, 8: 0, 9: 0}","{0: 0, 1: 0, 2: 0, 3: 0, 4: 0, 5: 0, 6: 0, 7: 0, 8: 0, 9: 0}","{0: 0, 1: 0, 2: 0, 3: 0, 4: 0, 5: 0, 6: 0, 7: 0, 8: 0, 9: 0}",0,0
rule_mencius,60c1s5r10p,YCSB_A,rw_1000000,concurrent_16,0,9600,165.6085,313.2481,356.27905,205.23241906249999,960.0,"{0: 25.253, 1: 25.0, 2: 26.263, 3: 26.0, 4: 25.0}","{0: 485.688, 1: 483.25, 2: 485.625, 3: 480.562, 4: 480.188}","{0: 0, 1: 0, 2: 0, 3: 0, 4: 0, 5: 0, 6: 0, 7: 0, 8: 0, 9: 0}","{0: 0, 1: 0, 2: 0, 3: 0, 4: 0, 5: 0, 6: 0, 7: 0, 8: 0, 9: 0}","{0: 0, 1: 0, 2: 0, 3: 0, 4: 0, 5: 0, 6: 0, 7: 0, 8: 0, 9: 0}",0,0
rule_mencius,60c1s5r10p,YCSB_A,rw_1000000,concurrent_1,101,600,145.18349999999998,211.45530000000002,306.34334,165.04597833333332,60.0,"{0: 3.03, 1: 3.061, 2: 3.061, 3: 3.061, 4: 3.061}","{0: 434.125, 1: 433.688, 2: 434.062, 3: 433.562, 4: 433.688}","{0: 18, 1: 21, 2: 19, 3: 20, 4: 23, 5: 24, 6: 60, 7: 60, 8: 53, 9: 21}","{0: 18, 1: 21, 2: 19, 3: 20, 4: 23, 5: 24, 6: 60, 7: 60, 8: 53, 9: 21}","{0: 0, 1: 0, 2: 0, 3: 0, 4: 0, 5: 0, 6: 60, 7: 60, 8: 50, 9: 0}",100.0,53.291536050156736
rule_mencius,60c1s5r10p,YCSB_A,rw_1000000,concurrent_5,101,3000,150.563,210.977,309.80315,163.99103733333334,300.0,"{0: 11.34, 1: 12.245, 2: 11.224, 3: 11.34, 4: 11.458}","{0: 450.5, 1: 449.438, 2: 450.5, 3: 448.625, 4: 449.125}","{0: 101, 1: 108, 2: 116, 3: 118, 4: 119, 5: 99, 6: 300, 7: 300, 8: 300, 9: 115}","{0: 101, 1: 108, 2: 116, 3: 118, 4: 119, 5: 99, 6: 300, 7: 300, 8: 300, 9: 115}","{0: 0, 1: 0, 2: 0, 3: 0, 4: 0, 5: 0, 6: 300, 7: 300, 8: 300, 9: 0}",100.0,53.69928400954654
rule_mencius,60c1s5r10p,YCSB_A,rw_1000000,concurrent_10,101,6000,151.426,211.4055,316.31513,165.8423635,600.0,"{0: 21.212, 1: 23.0, 2: 27.551, 3: 28.571, 4: 27.835}","{0: 469.25, 1: 467.438, 2: 468.875, 3: 466.0, 4: 465.312}","{0: 205, 1: 205, 2: 199, 3: 215, 4: 234, 5: 225, 6: 600, 7: 600, 8: 600, 9: 220}","{0: 205, 1: 205, 2: 199, 3: 215, 4: 234, 5: 225, 6: 600, 7: 600, 8: 600, 9: 220}","{0: 0, 1: 0, 2: 0, 3: 0, 4: 0, 5: 0, 6: 590, 7: 600, 8: 600, 9: 0}",100.0,54.19315773539207
rule_mencius,60c1s5r10p,YCSB_A,rw_1000000,concurrent_12,101,7200,151.4595,211.6449,314.19828,164.17102805555555,720.0,"{0: 32.323, 1: 32.323, 2: 32.653, 3: 35.354, 4: 36.735}","{0: 476.125, 1: 475.938, 2: 477.062, 3: 473.812, 4: 475.0}","{0: 265, 1: 234, 2: 271, 3: 245, 4: 263, 5: 720, 6: 720, 7: 720, 8: 720, 9: 314}","{0: 265, 1: 234, 2: 271, 3: 244, 4: 263, 5: 720, 6: 720, 7: 719, 8: 720, 9: 314}","{0: 0, 1: 0, 2: 0, 3: 0, 4: 0, 5: 720, 6: 720, 7: 719, 8: 720, 9: 115}",99.95527728085868,66.94991055456171
rule_mencius,60c1s5r10p,YCSB_A,rw_1000000,concurrent_14,101,8400,155.168,212.8914,315.86805,168.9105838095238,840.0,"{0: 47.475, 1: 47.959, 2: 48.485, 3: 51.515, 4: 53.061}","{0: 483.875, 1: 483.5, 2: 484.75, 3: 480.812, 4: 480.062}","{0: 294, 1: 306, 2: 308, 3: 291, 4: 296, 5: 498, 6: 840, 7: 840, 8: 804, 9: 322}","{0: 294, 1: 306, 2: 308, 3: 291, 4: 296, 5: 498, 6: 840, 7: 840, 8: 804, 9: 322}","{0: 0, 1: 0, 2: 0, 3: 0, 4: 0, 5: 279, 6: 840, 7: 840, 8: 804, 9: 25}",100.0,58.095436549281104
rule_mencius,60c1s5r10p,YCSB_A,rw_1000000,concurrent_15,101,9000,152.44799999999998,212.175,316.30815000000007,164.93129355555556,900.0,"{0: 45.455, 1: 44.898, 2: 36.0, 3: 39.175, 4: 41.237}","{0: 487.5, 1: 487.562, 2: 489.812, 3: 484.938, 4: 485.125}","{0: 328, 1: 305, 2: 320, 3: 386, 4: 401, 5: 814, 6: 900, 7: 900, 8: 900, 9: 507}","{0: 328, 1: 305, 2: 320, 3: 386, 4: 401, 5: 813, 6: 900, 7: 900, 8: 900, 9: 507}","{0: 0, 1: 0, 2: 0, 3: 0, 4: 0, 5: 803, 6: 900, 7: 900, 8: 900, 9: 392}",99.9826419024475,67.60978996701961
rule_mencius,60c1s5r10p,YCSB_A,rw_1000000,concurrent_16,101,9600,159.1905,216.8965,324.89167000000003,171.65205364583335,960.0,"{0: 41.414, 1: 43.299, 2: 60.825, 3: 62.626, 4: 62.626}","{0: 491.5, 1: 489.312, 2: 491.938, 3: 487.375, 4: 488.5}","{0: 359, 1: 348, 2: 342, 3: 407, 4: 370, 5: 666, 6: 960, 7: 960, 8: 960, 9: 385}","{0: 359, 1: 348, 2: 342, 3: 407, 4: 370, 5: 665, 6: 960, 7: 960, 8: 960, 9: 385}","{0: 0, 1: 0, 2: 0, 3: 20, 4: 22, 5: 560, 6: 960, 7: 960, 8: 944, 9: 115}",99.98262984193155,62.20253604307799
rule_mencius,60c1s5r10p,YCSB_A,rw_zipf_1,concurrent_1,0,600,156.405,309.3462,354.91522,200.25959166666664,60.0,"{0: 1.02, 1: 2.02, 2: 2.0, 3: 2.02, 4: 1.02}","{0: 448.062, 1: 447.812, 2: 447.812, 3: 447.688, 4: 447.938}","{0: 0, 1: 0, 2: 0, 3: 0, 4: 0, 5: 0, 6: 0, 7: 0, 8: 0, 9: 0}","{0: 0, 1: 0, 2: 0, 3: 0, 4: 0, 5: 0, 6: 0, 7: 0, 8: 0, 9: 0}","{0: 0, 1: 0, 2: 0, 3: 0, 4: 0, 5: 0, 6: 0, 7: 0, 8: 0, 9: 0}",0,0
rule_mencius,60c1s5r10p,YCSB_A,rw_zipf_1,concurrent_5,0,3000,160.856,312.5508,354.34263999999996,199.68547566666666,300.0,"{0: 6.0, 1: 5.102, 2: 6.061, 3: 6.122, 4: 5.155}","{0: 461.25, 1: 460.875, 2: 461.75, 3: 459.938, 4: 460.375}","{0: 0, 1: 0, 2: 0, 3: 0, 4: 0, 5: 0, 6: 0, 7: 0, 8: 0, 9: 0}","{0: 0, 1: 0, 2: 0, 3: 0, 4: 0, 5: 0, 6: 0, 7: 0, 8: 0, 9: 0}","{0: 0, 1: 0, 2: 0, 3: 0, 4: 0, 5: 0, 6: 0, 7: 0, 8: 0, 9: 0}",0,0
rule_mencius,60c1s5r10p,YCSB_A,rw_zipf_1,concurrent_10,0,6000,163.14350000000002,313.604,356.78154,203.259459,600.0,"{0: 11.111, 1: 11.224, 2: 12.245, 3: 13.0, 4: 12.121}","{0: 478.375, 1: 477.125, 2: 478.562, 3: 475.75, 4: 476.938}","{0: 0, 1: 0, 2: 0, 3: 0, 4: 0, 5: 0, 6: 0, 7: 0, 8: 0, 9: 0}","{0: 0, 1: 0, 2: 0, 3: 0, 4: 0, 5: 0, 6: 0, 7: 0, 8: 0, 9: 0}","{0: 0, 1: 0, 2: 0, 3: 0, 4: 0, 5: 0, 6: 0, 7: 0, 8: 0, 9: 0}",0,0
rule_mencius,60c1s5r10p,YCSB_A,rw_zipf_1,concurrent_12,0,7200,165.54149999999998,315.0483,357.65626000000003,203.9292713888889,720.0,"{0: 15.306, 1: 16.327, 2: 17.172, 3: 17.347, 4: 15.306}","{0: 483.875, 1: 483.938, 2: 484.625, 3: 481.625, 4: 480.75}","{0: 0, 1: 0, 2: 0, 3: 0, 4: 0, 5: 0, 6: 0, 7: 0, 8: 0, 9: 0}","{0: 0, 1: 0, 2: 0, 3: 0, 4: 0, 5: 0, 6: 0, 7: 0, 8: 0, 9: 0}","{0: 0, 1: 0, 2: 0, 3: 0, 4: 0, 5: 0, 6: 0, 7: 0, 8: 0, 9: 0}",0,0
rule_mencius,60c1s5r10p,YCSB_A,rw_zipf_1,concurrent_14,0,8400,163.753,312.6821,356.42041000000006,203.88331952380955,840.0,"{0: 19.192, 1: 20.202, 2: 21.429, 3: 21.649, 4: 21.212}","{0: 490.0, 1: 490.375, 2: 491.062, 3: 487.75, 4: 486.812}","{0: 0, 1: 0, 2: 0, 3: 0, 4: 0, 5: 0, 6: 0, 7: 0, 8: 0, 9: 0}","{0: 0, 1: 0, 2: 0, 3: 0, 4: 0, 5: 0, 6: 0, 7: 0, 8: 0, 9: 0}","{0: 0, 1: 0, 2: 0, 3: 0, 4: 0, 5: 0, 6: 0, 7: 0, 8: 0, 9: 0}",0,0
rule_mencius,60c1s5r10p,YCSB_A,rw_zipf_1,concurrent_15,0,9000,166.048,313.9868,360.3404,205.55436400000002,900.0,"{0: 22.222, 1: 22.222, 2: 24.0, 3: 22.68, 4: 22.68}","{0: 493.0, 1: 493.375, 2: 495.25, 3: 491.312, 4: 490.188}","{0: 0, 1: 0, 2: 0, 3: 0, 4: 0, 5: 0, 6: 0, 7: 0, 8: 0, 9: 0}","{0: 0, 1: 0, 2: 0, 3: 0, 4: 0, 5: 0, 6: 0, 7: 0, 8: 0, 9: 0}","{0: 0, 1: 0, 2: 0, 3: 0, 4: 0, 5: 0, 6: 0, 7: 0, 8: 0, 9: 0}",0,0
rule_mencius,60c1s5r10p,YCSB_A,rw_zipf_1,concurrent_16,0,9600,169.097,315.8821,356.53002999999995,204.55507125,960.0,"{0: 21.429, 1: 21.429, 2: 21.429, 3: 21.429, 4: 22.0}","{0: 498.875, 1: 496.0, 2: 498.875, 3: 493.562, 4: 495.062}","{0: 0, 1: 0, 2: 0, 3: 0, 4: 0, 5: 0, 6: 0, 7: 0, 8: 0, 9: 0}","{0: 0, 1: 0, 2: 0, 3: 0, 4: 0, 5: 0, 6: 0, 7: 0, 8: 0, 9: 0}","{0: 0, 1: 0, 2: 0, 3: 0, 4: 0, 5: 0, 6: 0, 7: 0, 8: 0, 9: 0}",0,0
rule_mencius,60c1s5r10p,YCSB_A,rw_zipf_1,concurrent_1,101,600,145.18200000000002,210.62369999999999,305.2269299999999,164.76622166666667,60.0,"{0: 2.062, 1: 3.061, 2: 3.061, 3: 3.061, 4: 3.061}","{0: 449.562, 1: 449.062, 2: 449.375, 3: 448.875, 4: 449.188}","{0: 23, 1: 22, 2: 24, 3: 19, 4: 24, 5: 27, 6: 60, 7: 60, 8: 60, 9: 17}","{0: 22, 1: 21, 2: 21, 3: 16, 4: 23, 5: 26, 6: 54, 7: 56, 8: 57, 9: 17}","{0: 0, 1: 0, 2: 0, 3: 0, 4: 0, 5: 9, 6: 54, 7: 56, 8: 57, 9: 0}",93.1547619047619,52.38095238095238
rule_mencius,60c1s5r10p,YCSB_A,rw_zipf_1,concurrent_5,101,3000,146.5745,213.9151,310.79913,165.39547366666665,300.0,"{0: 10.101, 1: 11.111, 2: 8.163, 3: 10.101, 4: 9.278}","{0: 464.188, 1: 463.75, 2: 464.75, 3: 463.0, 4: 462.875}","{0: 99, 1: 90, 2: 111, 3: 116, 4: 117, 5: 103, 6: 300, 7: 300, 8: 274, 9: 108}","{0: 85, 1: 77, 2: 91, 3: 100, 4: 97, 5: 86, 6: 256, 7: 261, 8: 229, 9: 87}","{0: 0, 1: 0, 2: 0, 3: 0, 4: 0, 5: 0, 6: 256, 7: 261, 8: 209, 9: 0}",84.610630407911,44.87021013597033
rule_mencius,60c1s5r10p,YCSB_A,rw_zipf_1,concurrent_10,101,6000,150.1205,213.749,309.47235,167.81262633333333,600.0,"{0: 29.0, 1: 29.592, 2: 26.733, 3: 28.866, 4: 28.866}","{0: 482.5, 1: 481.062, 2: 482.5, 3: 479.0, 4: 480.438}","{0: 207, 1: 232, 2: 229, 3: 214, 4: 205, 5: 235, 6: 592, 7: 597, 8: 598, 9: 224}","{0: 167, 1: 191, 2: 173, 3: 168, 4: 166, 5: 182, 6: 459, 7: 480, 8: 484, 9: 177}","{0: 0, 1: 0, 2: 0, 3: 0, 4: 0, 5: 27, 6: 459, 7: 480, 8: 484, 9: 0}",79.41794179417941,43.504350435043506
rule_mencius,60c1s5r10p,YCSB_A,rw_zipf_1,concurrent_12,101,7200,156.24599999999998,213.644,292.48503,167.77777694444444,720.0,"{0: 34.694, 1: 34.694, 2: 40.404, 3: 42.857, 4: 44.444}","{0: 489.125, 1: 489.25, 2: 490.25, 3: 487.562, 4: 486.5}","{0: 276, 1: 267, 2: 260, 3: 248, 4: 291, 5: 717, 6: 703, 7: 714, 8: 716, 9: 412}","{0: 216, 1: 202, 2: 198, 3: 197, 4: 230, 5: 560, 6: 541, 7: 554, 8: 551, 9: 315}","{0: 0, 1: 0, 2: 0, 3: 0, 4: 0, 5: 560, 6: 541, 7: 554, 8: 551, 9: 210}",77.41094700260643,52.476107732406604
rule_mencius,60c1s5r10p,YCSB_A,rw_zipf_1,concurrent_14,101,8400,158.2155,220.2392,315.96165,173.47060607142856,840.0,"{0: 40.816, 1: 40.816, 2: 52.525, 3: 52.041, 4: 53.0}","{0: 495.312, 1: 494.75, 2: 496.5, 3: 493.188, 4: 491.625}","{0: 299, 1: 305, 2: 312, 3: 285, 4: 308, 5: 440, 6: 820, 7: 834, 8: 747, 9: 280}","{0: 223, 1: 239, 2: 246, 3: 226, 4: 242, 5: 331, 6: 645, 7: 644, 8: 550, 9: 215}","{0: 0, 1: 0, 2: 0, 3: 0, 4: 0, 5: 247, 6: 645, 7: 644, 8: 517, 9: 20}",76.91144708423326,44.77321814254859
rule_mencius,60c1s5r10p,YCSB_A,rw_zipf_1,concurrent_15,101,9000,166.036,239.4694,325.1602200000001,178.63634811111112,900.0,"{0: 54.082, 1: 55.556, 2: 66.667, 3: 66.667, 4: 64.0}","{0: 500.312, 1: 498.375, 2: 500.812, 3: 496.188, 4: 497.75}","{0: 349, 1: 302, 2: 371, 3: 306, 4: 330, 5: 354, 6: 891, 7: 883, 8: 888, 9: 349}","{0: 261, 1: 226, 2: 293, 3: 231, 4: 249, 5: 269, 6: 684, 7: 660, 8: 698, 9: 262}","{0: 0, 1: 0, 2: 0, 3: 0, 4: 0, 5: 65, 6: 684, 7: 660, 8: 698, 9: 34}",76.30897869798925,42.623929922357156
rule_mencius,60c1s5r10p,YCSB_A,rw_zipf_1,concurrent_16,101,9600,153.587,214.865,323.87267,171.23674364583334,960.0,"{0: 52.0, 1: 50.0, 2: 47.475, 3: 47.423, 4: 44.898}","{0: 502.812, 1: 502.375, 2: 505.188, 3: 499.75, 4: 501.375}","{0: 366, 1: 348, 2: 329, 3: 381, 4: 426, 5: 746, 6: 953, 7: 947, 8: 873, 9: 414}","{0: 287, 1: 265, 2: 244, 3: 287, 4: 286, 5: 580, 6: 718, 7: 721, 8: 663, 9: 314}","{0: 0, 1: 0, 2: 0, 3: 0, 4: 0, 5: 518, 6: 718, 7: 721, 8: 654, 9: 105}",75.47985474667128,46.96524295348435
rule_mongodb,60c1s5r10p,YCSB_A,rw_1000000,concurrent_1,0,600,230.1415,410.1137,464.50858999999997,245.08053811666662,60.0,"{0: 20.408, 1: 2.02, 2: 2.02, 3: 1.02, 4: 1.02}","{0: 633.746, 1: 428.0, 2: 428.0, 3: 428.0, 4: 428.0}","{0: 0, 1: 0, 2: 0, 3: 0, 4: 0, 5: 0, 6: 0, 7: 0, 8: 0, 9: 0}","{0: 0, 1: 0, 2: 0, 3: 0, 4: 0, 5: 0, 6: 0, 7: 0, 8: 0, 9: 0}","{0: 0, 1: 0, 2: 0, 3: 0, 4: 0, 5: 0, 6: 0, 7: 0, 8: 0, 9: 0}",0,0
rule_mongodb,60c1s5r10p,YCSB_A,rw_1000000,concurrent_5,0,3000,218.022,437.3836999999999,512.40612,246.90210007666664,300.0,"{0: 28.571, 1: 4.082, 2: 3.0, 3: 3.061, 4: 2.062}","{0: 678.336, 1: 429.312, 2: 429.375, 3: 429.125, 4: 429.125}","{0: 0, 1: 0, 2: 0, 3: 0, 4: 0, 5: 0, 6: 0, 7: 0, 8: 0, 9: 0}","{0: 0, 1: 0, 2: 0, 3: 0, 4: 0, 5: 0, 6: 0, 7: 0, 8: 0, 9: 0}","{0: 0, 1: 0, 2: 0, 3: 0, 4: 0, 5: 0, 6: 0, 7: 0, 8: 0, 9: 0}",0,0
rule_mongodb,60c1s5r10p,YCSB_A,rw_1000000,concurrent_10,0,6000,224.8365,420.2859,512.1854599999999,248.14895940333332,600.0,"{0: 37.0, 1: 6.061, 2: 3.093, 3: 3.093, 4: 3.093}","{0: 703.016, 1: 431.062, 2: 431.312, 3: 430.938, 4: 430.875}","{0: 0, 1: 0, 2: 0, 3: 0, 4: 0, 5: 0, 6: 0, 7: 0, 8: 0, 9: 0}","{0: 0, 1: 0, 2: 0, 3: 0, 4: 0, 5: 0, 6: 0, 7: 0, 8: 0, 9: 0}","{0: 0, 1: 0, 2: 0, 3: 0, 4: 0, 5: 0, 6: 0, 7: 0, 8: 0, 9: 0}",0,0
rule_mongodb,60c1s5r10p,YCSB_A,rw_1000000,concurrent_20,0,12000,233.14749999999998,410.7735,477.67004000000003,249.28915710916664,1200.0,"{0: 41.414, 1: 8.247, 2: 5.102, 3: 6.061, 4: 5.102}","{0: 745.039, 1: 434.062, 2: 434.188, 3: 434.062, 4: 434.438}","{0: 0, 1: 0, 2: 0, 3: 0, 4: 0, 5: 0, 6: 0, 7: 0, 8: 0, 9: 0}","{0: 0, 1: 0, 2: 0, 3: 0, 4: 0, 5: 0, 6: 0, 7: 0, 8: 0, 9: 0}","{0: 0, 1: 0, 2: 0, 3: 0, 4: 0, 5: 0, 6: 0, 7: 0, 8: 0, 9: 0}",0,0
rule_mongodb,60c1s5r10p,YCSB_A,rw_1000000,concurrent_30,0,18000,232.69850000000002,420.3543000000002,480.77907999999996,250.55440079277776,1800.0,"{0: 51.515, 1: 11.34, 2: 7.216, 3: 8.163, 4: 7.143}","{0: 781.992, 1: 436.875, 2: 437.312, 3: 436.625, 4: 437.062}","{0: 0, 1: 0, 2: 0, 3: 0, 4: 0, 5: 0, 6: 0, 7: 0, 8: 0, 9: 0}","{0: 0, 1: 0, 2: 0, 3: 0, 4: 0, 5: 0, 6: 0, 7: 0, 8: 0, 9: 0}","{0: 0, 1: 0, 2: 0, 3: 0, 4: 0, 5: 0, 6: 0, 7: 0, 8: 0, 9: 0}",0,0
rule_mongodb,60c1s5r10p,YCSB_A,rw_1000000,concurrent_40,0,24000,231.62900000000002,441.63570000000004,518.2338799999976,258.83779101999994,2400.0,"{0: 57.576, 1: 13.542, 2: 8.247, 3: 8.247, 4: 8.247}","{0: 819.375, 1: 440.5, 2: 440.938, 3: 440.25, 4: 440.125}","{0: 0, 1: 0, 2: 0, 3: 0, 4: 0, 5: 0, 6: 0, 7: 0, 8: 0, 9: 0}","{0: 0, 1: 0, 2: 0, 3: 0, 4: 0, 5: 0, 6: 0, 7: 0, 8: 0, 9: 0}","{0: 0, 1: 0, 2: 0, 3: 0, 4: 0, 5: 0, 6: 0, 7: 0, 8: 0, 9: 0}",0,0
rule_mongodb,60c1s5r10p,YCSB_A,rw_1000000,concurrent_45,0,27000,231.42000000000002,445.14920000000006,512.12813,260.5160477411111,2700.0,"{0: 60.204, 1: 15.464, 2: 9.278, 3: 10.204, 4: 8.333}","{0: 856.055, 1: 442.004, 2: 442.375, 3: 441.594, 4: 441.812}","{0: 0, 1: 0, 2: 0, 3: 0, 4: 0, 5: 0, 6: 0, 7: 0, 8: 0, 9: 0}","{0: 0, 1: 0, 2: 0, 3: 0, 4: 0, 5: 0, 6: 0, 7: 0, 8: 0, 9: 0}","{0: 0, 1: 0, 2: 0, 3: 0, 4: 0, 5: 0, 6: 0, 7: 0, 8: 0, 9: 0}",0,0
rule_mongodb,60c1s5r10p,YCSB_A,rw_1000000,concurrent_50,0,30000,234.91500000000002,452.14680000000004,525.7912,263.68267692833336,3000.0,"{0: 64.0, 1: 17.172, 2: 10.204, 3: 10.309, 4: 10.204}","{0: 862.859, 1: 443.375, 2: 443.656, 3: 442.75, 4: 443.0}","{0: 0, 1: 0, 2: 0, 3: 0, 4: 0, 5: 0, 6: 0, 7: 0, 8: 0, 9: 0}","{0: 0, 1: 0, 2: 0, 3: 0, 4: 0, 5: 0, 6: 0, 7: 0, 8: 0, 9: 0}","{0: 0, 1: 0, 2: 0, 3: 0, 4: 0, 5: 0, 6: 0, 7: 0, 8: 0, 9: 0}",0,0
rule_mongodb,60c1s5r10p,YCSB_A,rw_1000000,concurrent_1,101,600,155.3225,227.5862,279.6460999999995,152.08979115,60.0,"{0: 21.429, 1: 2.041, 2: 2.02, 3: 2.02, 4: 1.031}","{0: 642.742, 1: 429.062, 2: 429.125, 3: 429.125, 4: 429.062}","{0: 44, 1: 48, 2: 60, 3: 60, 4: 60, 5: 60, 6: 50, 7: 60, 8: 60, 9: 60}","{0: 44, 1: 48, 2: 60, 3: 60, 4: 60, 5: 60, 6: 50, 7: 60, 8: 60, 9: 60}","{0: 20, 1: 18, 2: 60, 3: 60, 4: 60, 5: 60, 6: 25, 7: 60, 8: 60, 9: 60}",100.0,85.94306049822065
rule_mongodb,60c1s5r10p,YCSB_A,rw_1000000,concurrent_5,101,3000,159.925,227.6301,332.02391999999844,154.00501336,300.0,"{0: 31.0, 1: 4.082, 2: 3.061, 3: 3.03, 4: 3.061}","{0: 712.59, 1: 431.938, 2: 432.188, 3: 431.938, 4: 431.938}","{0: 257, 1: 251, 2: 300, 3: 300, 4: 300, 5: 300, 6: 248, 7: 300, 8: 300, 9: 300}","{0: 257, 1: 251, 2: 300, 3: 300, 4: 300, 5: 300, 6: 248, 7: 300, 8: 300, 9: 300}","{0: 119, 1: 129, 2: 295, 3: 281, 4: 291, 5: 285, 6: 135, 7: 281, 8: 295, 9: 285}",100.0,83.89355742296918
rule_mongodb,60c1s5r10p,YCSB_A,rw_1000000,concurrent_10,101,6000,161.7265,228.84,378.33162000000027,156.69048297833334,600.0,"{0: 36.0, 1: 6.122, 2: 3.093, 3: 4.082, 4: 4.04}","{0: 703.41, 1: 435.5, 2: 435.625, 3: 435.438, 4: 435.625}","{0: 480, 1: 497, 2: 589, 3: 592, 4: 581, 5: 588, 6: 476, 7: 583, 8: 582, 9: 584}","{0: 480, 1: 497, 2: 589, 3: 592, 4: 581, 5: 588, 6: 476, 7: 583, 8: 582, 9: 584}","{0: 235, 1: 235, 2: 470, 3: 471, 4: 457, 5: 448, 6: 248, 7: 463, 8: 452, 9: 469}",100.0,71.10951008645533
rule_mongodb,60c1s5r10p,YCSB_A,rw_1000000,concurrent_20,101,12000,162.132,239.6372,421.66670000000005,162.6721282925,1200.0,"{0: 43.878, 1: 9.184, 2: 5.155, 3: 6.061, 4: 5.155}","{0: 740.262, 1: 442.5, 2: 442.875, 3: 441.75, 4: 442.312}","{0: 1010, 1: 1003, 2: 1084, 3: 1081, 4: 1118, 5: 1116, 6: 961, 7: 1100, 8: 1095, 9: 1118}","{0: 1010, 1: 1003, 2: 1083, 3: 1081, 4: 1118, 5: 1116, 6: 961, 7: 1100, 8: 1094, 9: 1118}","{0: 472, 1: 482, 2: 710, 3: 748, 4: 764, 5: 730, 6: 511, 7: 691, 8: 737, 9: 704}",99.98128392288976,61.28579449747333
rule_mongodb,60c1s5r10p,YCSB_A,rw_1000000,concurrent_30,101,18000,163.37,235.24349999999998,433.4348199999997,166.5003216438889,1800.0,"{0: 49.495, 1: 12.121, 2: 8.163, 3: 8.081, 4: 7.216}","{0: 782.848, 1: 448.812, 2: 449.688, 3: 448.562, 4: 448.812}","{0: 1465, 1: 1500, 2: 1558, 3: 1609, 4: 1585, 5: 1624, 6: 1518, 7: 1613, 8: 1615, 9: 1624}","{0: 1465, 1: 1500, 2: 1558, 3: 1609, 4: 1581, 5: 1622, 6: 1516, 7: 1613, 8: 1615, 9: 1624}","{0: 710, 1: 763, 2: 982, 3: 1023, 4: 930, 5: 921, 6: 727, 7: 1018, 8: 1017, 9: 1061}",99.94908026223665,58.252180001273
rule_mongodb,60c1s5r10p,YCSB_A,rw_1000000,concurrent_40,101,24000,166.646,241.58730000000003,440.41523,169.82762849583332,2400.0,"{0: 56.566, 1: 15.306, 2: 9.375, 3: 10.204, 4: 9.278}","{0: 823.965, 1: 455.75, 2: 456.188, 3: 455.0, 4: 454.625}","{0: 1983, 1: 1959, 2: 2142, 3: 2176, 4: 2126, 5: 2126, 6: 1952, 7: 2152, 8: 2135, 9: 2145}","{0: 1982, 1: 1958, 2: 2141, 3: 2174, 4: 2125, 5: 2124, 6: 1950, 7: 2148, 8: 2134, 9: 2145}","{0: 994, 1: 971, 2: 1228, 3: 1274, 4: 1220, 5: 1246, 6: 934, 7: 1224, 8: 1310, 9: 1206}",99.92821592649311,55.54651607963247
rule_mongodb,60c1s5r10p,YCSB_A,rw_1000000,concurrent_45,101,27000,168.519,250.63310000000004,454.43008999999955,174.15847305296296,2700.0,"{0: 61.616, 1: 15.625, 2: 11.224, 3: 11.224, 4: 10.309}","{0: 842.02, 1: 458.5, 2: 459.438, 3: 457.312, 4: 458.375}","{0: 2244, 1: 2234, 2: 2368, 3: 2394, 4: 2363, 5: 2419, 6: 2232, 7: 2351, 8: 2402, 9: 2365}","{0: 2243, 1: 2234, 2: 2368, 3: 2394, 4: 2360, 5: 2418, 6: 2232, 7: 2351, 8: 2399, 9: 2365}","{0: 1175, 1: 1142, 2: 1444, 3: 1387, 4: 1422, 5: 1440, 6: 1082, 7: 1410, 8: 1464, 9: 1446}",99.96577100804382,57.38490501454732
rule_mongodb,60c1s5r10p,YCSB_A,rw_1000000,concurrent_50,101,30000,171.0595,263.8892,458.96409,178.38027494800002,3000.0,"{0: 66.327, 1: 18.367, 2: 11.579, 3: 12.371, 4: 11.34}","{0: 863.77, 1: 461.688, 2: 462.938, 3: 461.25, 4: 461.375}","{0: 2449, 1: 2472, 2: 2663, 3: 2635, 4: 2584, 5: 2688, 6: 2504, 7: 2651, 8: 2632, 9: 2676}","{0: 2447, 1: 2470, 2: 2663, 3: 2634, 4: 2582, 5: 2684, 6: 2503, 7: 2651, 8: 2630, 9: 2676}","{0: 1270, 1: 1236, 2: 1519, 3: 1525, 4: 1487, 5: 1531, 6: 1274, 7: 1576, 8: 1399, 9: 1657}",99.94605841103491,55.76789704862449
rule_mongodb,60c1s5r10p,YCSB_A,rw_zipf_1,concurrent_1,0,600,228.935,412.06660000000005,486.80699,248.6857792166667,60.0,"{0: 20.202, 1: 2.02, 2: 2.02, 3: 2.02, 4: 1.031}","{0: 651.793, 1: 443.25, 2: 443.25, 3: 443.375, 4: 443.375}","{0: 0, 1: 0, 2: 0, 3: 0, 4: 0, 5: 0, 6: 0, 7: 0, 8: 0, 9: 0}","{0: 0, 1: 0, 2: 0, 3: 0, 4: 0, 5: 0, 6: 0, 7: 0, 8: 0, 9: 0}","{0: 0, 1: 0, 2: 0, 3: 0, 4: 0, 5: 0, 6: 0, 7: 0, 8: 0, 9: 0}",0,0
rule_mongodb,60c1s5r10p,YCSB_A,rw_zipf_1,concurrent_5,0,3000,220.8015,420.2725,474.13202,244.98010027,300.0,"{0: 28.283, 1: 4.082, 2: 2.041, 3: 2.041, 4: 2.062}","{0: 694.09, 1: 444.375, 2: 444.25, 3: 444.312, 4: 444.25}","{0: 0, 1: 0, 2: 0, 3: 0, 4: 0, 5: 0, 6: 0, 7: 0, 8: 0, 9: 0}","{0: 0, 1: 0, 2: 0, 3: 0, 4: 0, 5: 0, 6: 0, 7: 0, 8: 0, 9: 0}","{0: 0, 1: 0, 2: 0, 3: 0, 4: 0, 5: 0, 6: 0, 7: 0, 8: 0, 9: 0}",0,0
rule_mongodb,60c1s5r10p,YCSB_A,rw_zipf_1,concurrent_10,0,6000,224.3675,416.8265,501.15605,245.0403815083333,600.0,"{0: 36.364, 1: 6.122, 2: 4.04, 3: 3.093, 4: 3.093}","{0: 714.414, 1: 445.688, 2: 445.625, 3: 445.562, 4: 445.438}","{0: 0, 1: 0, 2: 0, 3: 0, 4: 0, 5: 0, 6: 0, 7: 0, 8: 0, 9: 0}","{0: 0, 1: 0, 2: 0, 3: 0, 4: 0, 5: 0, 6: 0, 7: 0, 8: 0, 9: 0}","{0: 0, 1: 0, 2: 0, 3: 0, 4: 0, 5: 0, 6: 0, 7: 0, 8: 0, 9: 0}",0,0
rule_mongodb,60c1s5r10p,YCSB_A,rw_zipf_1,concurrent_20,0,12000,230.383,410.7076,500.20606000000004,246.17396294750003,1200.0,"{0: 42.0, 1: 8.163, 2: 5.102, 3: 6.061, 4: 5.102}","{0: 752.664, 1: 447.625, 2: 447.562, 3: 447.812, 4: 447.625}","{0: 0, 1: 0, 2: 0, 3: 0, 4: 0, 5: 0, 6: 0, 7: 0, 8: 0, 9: 0}","{0: 0, 1: 0, 2: 0, 3: 0, 4: 0, 5: 0, 6: 0, 7: 0, 8: 0, 9: 0}","{0: 0, 1: 0, 2: 0, 3: 0, 4: 0, 5: 0, 6: 0, 7: 0, 8: 0, 9: 0}",0,0
rule_mongodb,60c1s5r10p,YCSB_A,rw_zipf_1,concurrent_30,0,18000,233.6265,426.39140000000003,496.43240999999995,253.16073423444445,1800.0,"{0: 48.0, 1: 11.224, 2: 7.143, 3: 8.081, 4: 7.143}","{0: 795.062, 1: 449.438, 2: 449.562, 3: 449.312, 4: 449.188}","{0: 0, 1: 0, 2: 0, 3: 0, 4: 0, 5: 0, 6: 0, 7: 0, 8: 0, 9: 0}","{0: 0, 1: 0, 2: 0, 3: 0, 4: 0, 5: 0, 6: 0, 7: 0, 8: 0, 9: 0}","{0: 0, 1: 0, 2: 0, 3: 0, 4: 0, 5: 0, 6: 0, 7: 0, 8: 0, 9: 0}",0,0
rule_mongodb,60c1s5r10p,YCSB_A,rw_zipf_1,concurrent_40,0,24000,234.2015,436.32030000000003,504.04930999999993,257.0366208116667,2400.0,"{0: 56.566, 1: 13.542, 2: 9.184, 3: 9.184, 4: 9.278}","{0: 826.676, 1: 451.438, 2: 451.812, 3: 451.562, 4: 451.062}","{0: 0, 1: 0, 2: 0, 3: 0, 4: 0, 5: 0, 6: 0, 7: 0, 8: 0, 9: 0}","{0: 0, 1: 0, 2: 0, 3: 0, 4: 0, 5: 0, 6: 0, 7: 0, 8: 0, 9: 0}","{0: 0, 1: 0, 2: 0, 3: 0, 4: 0, 5: 0, 6: 0, 7: 0, 8: 0, 9: 0}",0,0
rule_mongodb,60c1s5r10p,YCSB_A,rw_zipf_1,concurrent_45,0,27000,234.285,437.9504,506.27765999999986,260.83139657,2700.0,"{0: 60.204, 1: 15.464, 2: 10.101, 3: 9.375, 4: 9.278}","{0: 854.891, 1: 452.25, 2: 452.625, 3: 452.062, 4: 452.125}","{0: 0, 1: 0, 2: 0, 3: 0, 4: 0, 5: 0, 6: 0, 7: 0, 8: 0, 9: 0}","{0: 0, 1: 0, 2: 0, 3: 0, 4: 0, 5: 0, 6: 0, 7: 0, 8: 0, 9: 0}","{0: 0, 1: 0, 2: 0, 3: 0, 4: 0, 5: 0, 6: 0, 7: 0, 8: 0, 9: 0}",0,0
rule_mongodb,60c1s5r10p,YCSB_A,rw_zipf_1,concurrent_50,0,30000,240.489,438.72100000000006,525.073,263.46295676166665,3000.0,"{0: 62.626, 1: 16.162, 2: 11.34, 3: 11.111, 4: 11.224}","{0: 867.602, 1: 453.5, 2: 453.438, 3: 453.188, 4: 453.188}","{0: 0, 1: 0, 2: 0, 3: 0, 4: 0, 5: 0, 6: 0, 7: 0, 8: 0, 9: 0}","{0: 0, 1: 0, 2: 0, 3: 0, 4: 0, 5: 0, 6: 0, 7: 0, 8: 0, 9: 0}","{0: 0, 1: 0, 2: 0, 3: 0, 4: 0, 5: 0, 6: 0, 7: 0, 8: 0, 9: 0}",0,0
rule_mongodb,60c1s5r10p,YCSB_A,rw_zipf_1,concurrent_1,101,600,159.927,229.1464,397.3551499999999,162.23293955,60.0,"{0: 23.232, 1: 2.041, 2: 1.02, 3: 2.02, 4: 2.02}","{0: 654.227, 1: 444.625, 2: 444.0, 3: 444.25, 4: 444.5}","{0: 44, 1: 42, 2: 60, 3: 60, 4: 60, 5: 60, 6: 44, 7: 60, 8: 60, 9: 60}","{0: 42, 1: 37, 2: 58, 3: 56, 4: 55, 5: 57, 6: 42, 7: 57, 8: 59, 9: 59}","{0: 20, 1: 16, 2: 58, 3: 56, 4: 55, 5: 57, 6: 21, 7: 56, 8: 59, 9: 59}",94.9090909090909,83.0909090909091
rule_mongodb,60c1s5r10p,YCSB_A,rw_zipf_1,concurrent_5,101,3000,161.4525,248.14739999999998,445.28219999999976,174.08107719333333,300.0,"{0: 32.323, 1: 5.051, 2: 2.062, 3: 3.03, 4: 3.093}","{0: 694.273, 1: 446.438, 2: 446.812, 3: 446.812, 4: 446.75}","{0: 207, 1: 214, 2: 299, 3: 298, 4: 300, 5: 297, 6: 216, 7: 298, 8: 299, 9: 299}","{0: 178, 1: 168, 2: 252, 3: 248, 4: 263, 5: 239, 6: 179, 7: 256, 8: 250, 9: 247}","{0: 79, 1: 93, 2: 249, 3: 242, 4: 254, 5: 236, 6: 98, 7: 237, 8: 240, 9: 233}",83.6083608360836,71.91052438577191
rule_mongodb,60c1s5r10p,YCSB_A,rw_zipf_1,concurrent_10,101,6000,162.20350000000002,355.71090000000004,452.81713,182.47230532,600.0,"{0: 35.052, 1: 6.061, 2: 4.04, 3: 4.124, 4: 4.082}","{0: 714.285, 1: 448.812, 2: 448.938, 3: 448.938, 4: 448.688}","{0: 416, 1: 414, 2: 570, 3: 567, 4: 521, 5: 558, 6: 399, 7: 539, 8: 574, 9: 553}","{0: 317, 1: 325, 2: 445, 3: 460, 4: 402, 5: 441, 6: 311, 7: 423, 8: 464, 9: 442}","{0: 146, 1: 142, 2: 348, 3: 358, 4: 302, 5: 366, 6: 145, 7: 310, 8: 388, 9: 360}",78.84954020739582,56.05556642535707
rule_mongodb,60c1s5r10p,YCSB_A,rw_zipf_1,concurrent_20,101,12000,170.0315,372.52680000000004,475.2902200000001,193.91548520666663,1200.0,"{0: 43.878, 1: 9.184, 2: 6.122, 3: 5.208, 4: 5.208}","{0: 757.121, 1: 453.312, 2: 453.375, 3: 452.812, 4: 453.062}","{0: 852, 1: 836, 2: 965, 3: 950, 4: 944, 5: 970, 6: 828, 7: 1008, 8: 1016, 9: 979}","{0: 643, 1: 639, 2: 731, 3: 677, 4: 698, 5: 722, 6: 625, 7: 760, 8: 760, 9: 734}","{0: 300, 1: 307, 2: 491, 3: 443, 4: 440, 5: 466, 6: 303, 7: 509, 8: 486, 9: 478}",74.76465554129226,45.175438596491226
rule_mongodb,60c1s5r10p,YCSB_A,rw_zipf_1,concurrent_30,101,18000,172.174,385.1042,472.35837999999995,200.69837508777778,1800.0,"{0: 48.98, 1: 12.121, 2: 8.247, 3: 8.081, 4: 8.163}","{0: 798.32, 1: 456.875, 2: 457.25, 3: 456.812, 4: 456.75}","{0: 1283, 1: 1183, 2: 1313, 3: 1356, 4: 1322, 5: 1403, 6: 1285, 7: 1354, 8: 1405, 9: 1381}","{0: 934, 1: 864, 2: 958, 3: 992, 4: 956, 5: 1002, 6: 948, 7: 980, 8: 985, 9: 991}","{0: 440, 1: 419, 2: 553, 3: 588, 4: 554, 5: 585, 6: 463, 7: 582, 8: 575, 9: 617}",72.3372224313135,40.466691757621376
rule_mongodb,60c1s5r10p,YCSB_A,rw_zipf_1,concurrent_40,101,24000,173.8485,397.8923,473.99311,209.06370944708328,2400.0,"{0: 55.67, 1: 15.306, 2: 10.204, 3: 10.204, 4: 10.204}","{0: 830.344, 1: 460.438, 2: 461.125, 3: 460.125, 4: 459.75}","{0: 1549, 1: 1611, 2: 1733, 3: 1774, 4: 1681, 5: 1818, 6: 1620, 7: 1673, 8: 1788, 9: 1799}","{0: 1079, 1: 1150, 2: 1233, 3: 1255, 4: 1178, 5: 1287, 6: 1145, 7: 1172, 8: 1267, 9: 1276}","{0: 532, 1: 548, 2: 671, 3: 745, 4: 667, 5: 711, 6: 554, 7: 619, 8: 732, 9: 692}",70.6441393875396,37.961985216473074
rule_mongodb,60c1s5r10p,YCSB_A,rw_zipf_1,concurrent_45,101,27000,174.128,400.385,498.19936999999993,211.3299729385185,2700.0,"{0: 61.856, 1: 15.625, 2: 10.526, 3: 11.224, 4: 11.34}","{0: 859.703, 1: 462.375, 2: 462.688, 3: 462.188, 4: 462.062}","{0: 1794, 1: 1752, 2: 1963, 3: 1972, 4: 1912, 5: 2052, 6: 1885, 7: 1981, 8: 1995, 9: 2004}","{0: 1216, 1: 1223, 2: 1347, 3: 1364, 4: 1343, 5: 1408, 6: 1339, 7: 1355, 8: 1366, 9: 1369}","{0: 598, 1: 574, 2: 830, 3: 851, 4: 766, 5: 840, 6: 669, 7: 826, 8: 788, 9: 784}",69.03158984981874,38.974624546866906
rule_mongodb,60c1s5r10p,YCSB_A,rw_zipf_1,concurrent_50,101,30000,175.4215,409.1199000000001,490.07904,214.2763597033333,3000.0,"{0: 64.356, 1: 15.464, 2: 11.224, 3: 14.433, 4: 12.121}","{0: 877.771, 1: 463.688, 2: 464.25, 3: 463.5, 4: 463.625}","{0: 1959, 1: 1924, 2: 2155, 3: 2094, 4: 2100, 5: 2253, 6: 1941, 7: 2132, 8: 2243, 9: 2247}","{0: 1350, 1: 1377, 2: 1499, 3: 1406, 4: 1448, 5: 1516, 6: 1310, 7: 1498, 8: 1547, 9: 1504}","{0: 653, 1: 685, 2: 866, 3: 781, 4: 850, 5: 916, 6: 641, 7: 835, 8: 915, 9: 905}",68.67635879893577,38.23166096541239
